name,city,state,type,email,phone,website,buy_link,prices,source
Parker Brothers Farm,Sikeston,MO,grower,,,,,Contact for quote,EWG Farm Subsidy Database (USDA cotton payments)
Fann Farms,Salemburg,NC,grower,,,,,Contact for quote,EWG Farm Subsidy Database (USDA cotton payments)
Connelly Farms,Ulmer,SC,grower,,,,,Contact for quote,EWG Farm Subsidy Database (USDA cotton payments)
Michael Brown & Sons,Lake Providence,LA,grower,,,,,Contact for quote,EWG Farm Subsidy Database (USDA cotton payments)
Isbell Farms,Muscle Shoals,AL,grower,,,,,Contact for quote,EWG Farm Subsidy Database (USDA cotton payments)
Anderson Farms,Tarboro,NC,grower,,,,,Contact for quote,EWG Farm Subsidy Database (USDA cotton payments)
VIP Farms,Thatcher,AZ,grower,,,,,Contact for quote,EWG Farm Subsidy Database (USDA cotton payments)
Pearson Farms,Sikeston,MO,grower,,,,,Contact for quote,EWG Farm Subsidy Database (USDA cotton payments)
Smith & Sons,Bishop,TX,grower,,,,,Contact for quote,EWG Farm Subsidy Database (USDA cotton payments)
Gertson Farms Partnership,Lissie,TX,grower,,,,,Contact for quote,EWG Farm Subsidy Database (USDA cotton payments)
Frische Farms,Dumas,TX,grower,,,,,Contact for quote,EWG Farm Subsidy Database (USDA cotton payments)
Hlavinka Cattle Co JV,East Bernard,TX,grower,,,,,Contact for quote,EWG Farm Subsidy Database (USDA cotton payments)
McNair Farms,Driscoll,TX,grower,,,,,Contact for quote,EWG Farm Subsidy Database (USDA cotton payments)
Tyler Farms,Helena,AR,grower,,,,,Contact for quote,EWG Farm Subsidy Database (USDA cotton payments)
Kelley Enterprises,Burlison,TN,grower,,,,,Contact for quote,EWG Farm Subsidy Database (USDA cotton payments)
P G C Farms,Brinson,GA,grower,,,,,Contact for quote,EWG Farm Subsidy Database (USDA cotton payments)
Balmoral Farming Partnership,Newellton,LA,grower,,,,,Contact for quote,EWG Farm Subsidy Database (USDA cotton payments)
Carpenter Produce,Grady,AR,grower,,,,,Contact for quote,EWG Farm Subsidy Database (USDA cotton payments)
Gila River Farms,Sacaton,AZ,grower,,,,,Contact for quote,EWG Farm Subsidy Database (USDA cotton payments)
Missouri Delta Farms,Sikeston,MO,grower,,,,,Contact for quote,EWG Farm Subsidy Database (USDA cotton payments)
Deline Farms Partnership,Charleston,MO,grower,,,,,Contact for quote,EWG Farm Subsidy Database (USDA cotton payments)
Seward & Son Planting Company,Louise,MS,grower,,,,,Contact for quote,EWG Farm Subsidy Database (USDA cotton payments)
New Hope Farms,Schlater,MS,grower,,,,,Contact for quote,EWG Farm Subsidy Database (USDA cotton payments)
Bruton Farms Partnership,Hollandale,MS,grower,,,,,Contact for quote,EWG Farm Subsidy Database (USDA cotton payments)
Due West,Glendora,MS,grower,,,,,Contact for quote,EWG Farm Subsidy Database (USDA cotton payments)
Perthshire Farms,Gunnison,MS,grower,,,,,Contact for quote,EWG Farm Subsidy Database (USDA cotton payments)
St Rest Planting Co,Indianola,MS,grower,,,,,Contact for quote,EWG Farm Subsidy Database (USDA cotton payments)
Dixie Farms,Vance,MS,grower,,,,,Contact for quote,EWG Farm Subsidy Database (USDA cotton payments)
Holly Ridge Planting Co,Indianola,MS,grower,,,,,Contact for quote,EWG Farm Subsidy Database (USDA cotton payments)
Maxwell Farms,Benoit,MS,grower,,,,,Contact for quote,EWG Farm Subsidy Database (USDA cotton payments)
Pitts Farms,Indianola,MS,grower,,,,,Contact for quote,EWG Farm Subsidy Database (USDA cotton payments)
Morgan Farms,Cleveland,MS,grower,,,,,Contact for quote,EWG Farm Subsidy Database (USDA cotton payments)
Steele Farms,Hollandale,MS,grower,,,,,Contact for quote,EWG Farm Subsidy Database (USDA cotton payments)
Phillips Farms,Holly Bluff,MS,grower,,,,,Contact for quote,EWG Farm Subsidy Database (USDA cotton payments)
Gypsy Farms,Greenville,MS,grower,,,,,Contact for quote,EWG Farm Subsidy Database (USDA cotton payments)
Bridgeforth Farms,Tanner,AL,grower,,,,,Contact for quote,EWG Farm Subsidy Database (USDA cotton payments)
Spruell Farms,Mount Hope,AL,grower,,,,,Contact for quote,EWG Farm Subsidy Database (USDA cotton payments)
Showtime Farms,Georgia,GA,grower,,,,,Contact for quote,EWG Farm Subsidy Database (USDA cotton payments)
Scott Farms G P,Brinson,GA,grower,,,,,Contact for quote,EWG Farm Subsidy Database (USDA cotton payments)
John M Mobley & Sons,Moultrie,GA,grower,,,,,Contact for quote,EWG Farm Subsidy Database (USDA cotton payments)
Heard Family Farm,Brinson,GA,grower,,,,,Contact for quote,EWG Farm Subsidy Database (USDA cotton payments)
T & T Farms,Leesburg,GA,grower,,,,,Contact for quote,EWG Farm Subsidy Database (USDA cotton payments)
Simmons Farms,Doerun,GA,grower,,,,,Contact for quote,EWG Farm Subsidy Database (USDA cotton payments)
Luther Griffin Farm,Bainbridge,GA,grower,,,,,Contact for quote,EWG Farm Subsidy Database (USDA cotton payments)
Family Farm Partners,Camilla,GA,grower,,,,,Contact for quote,EWG Farm Subsidy Database (USDA cotton payments)
Minor Brothers Farm Partnership,Andersonville,GA,grower,,,,,Contact for quote,EWG Farm Subsidy Database (USDA cotton payments)
Minor Brothers Farms Gp,Andersonville,GA,grower,,,,,Contact for quote,EWG Farm Subsidy Database (USDA cotton payments)
SOS Farms,Ashburn,GA,grower,,,,,Contact for quote,EWG Farm Subsidy Database (USDA cotton payments)
Killarney Farm Partnership,Jakin,GA,grower,,,,,Contact for quote,EWG Farm Subsidy Database (USDA cotton payments)
R A Pickens And Son Company,Pickens,AR,grower,,,,,Contact for quote,EWG Farm Subsidy Database (USDA cotton payments)
Benwood Farms,Earle,AR,grower,,,,,Contact for quote,EWG Farm Subsidy Database (USDA cotton payments)
Brantley Farming Co,England,AR,grower,,,,,Contact for quote,EWG Farm Subsidy Database (USDA cotton payments)
H E Jordan & Family Farm Partnershp,Gates,TN,grower,,,,,Contact for quote,EWG Farm Subsidy Database (USDA cotton payments)
Mid-south Family Farms,Ripley,TN,grower,,,,,Contact for quote,EWG Farm Subsidy Database (USDA cotton payments)
Mcarmour Enterprises Ptr,Halls,TN,grower,,,,,Contact for quote,EWG Farm Subsidy Database (USDA cotton payments)
Couch Farms,Jackson,TN,grower,,,,,Contact for quote,EWG Farm Subsidy Database (USDA cotton payments)
Sneed Brothers,Millington,TN,grower,,,,,Contact for quote,EWG Farm Subsidy Database (USDA cotton payments)
Tibbs Farms Partnership,Brownsville,TN,grower,,,,,Contact for quote,EWG Farm Subsidy Database (USDA cotton payments)
Lindamood Planting Company,Tiptonville,TN,grower,,,,,Contact for quote,EWG Farm Subsidy Database (USDA cotton payments)
Hendrix & Sons Farm Partnership,Brownsville,TN,grower,,,,,Contact for quote,EWG Farm Subsidy Database (USDA cotton payments)
Fullen Ag Company,Ripley,TN,grower,,,,,Contact for quote,EWG Farm Subsidy Database (USDA cotton payments)
Moore Farms,Somerville,TN,grower,,,,,Contact for quote,EWG Farm Subsidy Database (USDA cotton payments)
Yarbro Farms,Dukedom,TN,grower,,,,,Contact for quote,EWG Farm Subsidy Database (USDA cotton payments)
Stewart Farms,Atoka,TN,grower,,,,,Contact for quote,EWG Farm Subsidy Database (USDA cotton payments)
Taylor Bros,Bells,TN,grower,,,,,Contact for quote,EWG Farm Subsidy Database (USDA cotton payments)
R & R Farms,Mc Kenzie,TN,grower,,,,,Contact for quote,EWG Farm Subsidy Database (USDA cotton payments)
Tyson Farms Partnership,Denmark,TN,grower,,,,,Contact for quote,EWG Farm Subsidy Database (USDA cotton payments)
Manning Farms,Halls,TN,grower,,,,,Contact for quote,EWG Farm Subsidy Database (USDA cotton payments)
Pearson Farms,Jackson,TN,grower,,,,,Contact for quote,EWG Farm Subsidy Database (USDA cotton payments)
Kelley & Kelley Farms Partnership,Burlison,TN,grower,,,,,Contact for quote,EWG Farm Subsidy Database (USDA cotton payments)
C E Luckey & Sons,Humboldt,TN,grower,,,,,Contact for quote,EWG Farm Subsidy Database (USDA cotton payments)
Beanland Farms,Hollis,OK,grower,,,,,Contact for quote,EWG Farm Subsidy Database (USDA cotton payments)
Bates Bros & Sons,Altus,OK,grower,,,,,Contact for quote,EWG Farm Subsidy Database (USDA cotton payments)
Radcliff Farms,Forgan,OK,grower,,,,,Contact for quote,EWG Farm Subsidy Database (USDA cotton payments)
Worrell Farms Partnership,Altus,OK,grower,,,,,Contact for quote,EWG Farm Subsidy Database (USDA cotton payments)
K & S Partnership,Hollis,OK,grower,,,,,Contact for quote,EWG Farm Subsidy Database (USDA cotton payments)
J & J Farms,Forgan,OK,grower,,,,,Contact for quote,EWG Farm Subsidy Database (USDA cotton payments)
Bill & Karen Dill-joint Venture,Hollis,OK,grower,,,,,Contact for quote,EWG Farm Subsidy Database (USDA cotton payments)
Hardzog Farms,Elgin,OK,grower,,,,,Contact for quote,EWG Farm Subsidy Database (USDA cotton payments)
Condrey Farms,Lake Providence,LA,grower,,,,,Contact for quote,EWG Farm Subsidy Database (USDA cotton payments)
Franklin Farms,Newellton,LA,grower,,,,,Contact for quote,EWG Farm Subsidy Database (USDA cotton payments)
Hardwick Planting Co,Newellton,LA,grower,,,,,Contact for quote,EWG Farm Subsidy Database (USDA cotton payments)
Four Oaks Farms,Morganza,LA,grower,,,,,Contact for quote,EWG Farm Subsidy Database (USDA cotton payments)
Deshotels Farm Management,Lettsworth,LA,grower,,,,,Contact for quote,EWG Farm Subsidy Database (USDA cotton payments)
Franklin Partnership,Rayville,LA,grower,,,,,Contact for quote,EWG Farm Subsidy Database (USDA cotton payments)
Vandeven Farms,Saint Joseph,LA,grower,,,,,Contact for quote,EWG Farm Subsidy Database (USDA cotton payments)
Logan Farms Partnership,Gilliam,LA,grower,,,,,Contact for quote,EWG Farm Subsidy Database (USDA cotton payments)
Leake Farms,Newellton,LA,grower,,,,,Contact for quote,EWG Farm Subsidy Database (USDA cotton payments)
Hard Bargain Farms Partnership,Epps,LA,grower,,,,,Contact for quote,EWG Farm Subsidy Database (USDA cotton payments)
Amd Farms,Hobgood,NC,grower,,,,,Contact for quote,EWG Farm Subsidy Database (USDA cotton payments)
Cox Brothers Farms,Monroe,NC,grower,,,,,Contact for quote,EWG Farm Subsidy Database (USDA cotton payments)
Howard Farms,Deep Run,NC,grower,,,,,Contact for quote,EWG Farm Subsidy Database (USDA cotton payments)
Dunlow And Dunlow,Gaston,NC,grower,,,,,Contact for quote,EWG Farm Subsidy Database (USDA cotton payments)
Harrell And Owens Farm,Tarboro,NC,grower,,,,,Contact for quote,EWG Farm Subsidy Database (USDA cotton payments)
Lancaster Properties,Stantonsburg,NC,grower,,,,,Contact for quote,EWG Farm Subsidy Database (USDA cotton payments)
Walton Farms,Lumber Bridge,NC,grower,,,,,Contact for quote,EWG Farm Subsidy Database (USDA cotton payments)
3 B Farms Partnership,Pinetown,NC,grower,,,,,Contact for quote,EWG Farm Subsidy Database (USDA cotton payments)
Farless & Sons,Merry Hill,NC,grower,,,,,Contact for quote,EWG Farm Subsidy Database (USDA cotton payments)
Umphlett Brothers,Gates,NC,grower,,,,,Contact for quote,EWG Farm Subsidy Database (USDA cotton payments)
Whitehurst Farms Ptns,Conetoe,NC,grower,,,,,Contact for quote,EWG Farm Subsidy Database (USDA cotton payments)
The Williamson Farm,Mount Gilead,NC,grower,,,,,Contact for quote,EWG Farm Subsidy Database (USDA cotton payments)
Fulcher Brothers Farm,Ernul,NC,grower,,,,,Contact for quote,EWG Farm Subsidy Database (USDA cotton payments)
Stuart Pierce Farms Inc,Ahoskie,NC,grower,,,,,Contact for quote,EWG Farm Subsidy Database (USDA cotton payments)
Stephenson Bros,Garysburg,NC,grower,,,,,Contact for quote,EWG Farm Subsidy Database (USDA cotton payments)
Rogers Brothers Farm,Hartsville,SC,grower,,,,,Contact for quote,EWG Farm Subsidy Database (USDA cotton payments)
Haigler Farms Partnership,Cameron,SC,grower,,,,,Contact for quote,EWG Farm Subsidy Database (USDA cotton payments)
Bruce G Price & Sons,Little Rock,SC,grower,,,,,Contact for quote,EWG Farm Subsidy Database (USDA cotton payments)
Cotton Lane Farms,Elloree,SC,grower,,,,,Contact for quote,EWG Farm Subsidy Database (USDA cotton payments)
Tolson Farms,Lynchburg,SC,grower,,,,,Contact for quote,EWG Farm Subsidy Database (USDA cotton payments)
Calhoun Farms,Clio,SC,grower,,,,,Contact for quote,EWG Farm Subsidy Database (USDA cotton payments)
Perrow Farms,Cameron,SC,grower,,,,,Contact for quote,EWG Farm Subsidy Database (USDA cotton payments)
W M Smith & Sons,Saint Matthews,SC,grower,,,,,Contact for quote,EWG Farm Subsidy Database (USDA cotton payments)
Double D Farms,Gable,SC,grower,,,,,Contact for quote,EWG Farm Subsidy Database (USDA cotton payments)
Glasdrum Farms,Little Rock,SC,grower,,,,,Contact for quote,EWG Farm Subsidy Database (USDA cotton payments)
Lyons Brothers Farms,Elloree,SC,grower,,,,,Contact for quote,EWG Farm Subsidy Database (USDA cotton payments)
Palmetto Farms,Fort Motte,SC,grower,,,,,Contact for quote,EWG Farm Subsidy Database (USDA cotton payments)
Betty Allen Farms,Latta,SC,grower,,,,,Contact for quote,EWG Farm Subsidy Database (USDA cotton payments)
Mckeowen Farms,Orangeburg,SC,grower,,,,,Contact for quote,EWG Farm Subsidy Database (USDA cotton payments)
L & S Farms,Summerton,SC,grower,,,,,Contact for quote,EWG Farm Subsidy Database (USDA cotton payments)
Corrin F Bowers And Son,Luray,SC,grower,,,,,Contact for quote,EWG Farm Subsidy Database (USDA cotton payments)
Ted Shuler & Sons,Santee,SC,grower,,,,,Contact for quote,EWG Farm Subsidy Database (USDA cotton payments)
Starrh & Starrh Ctn Growers,Shafter,CA,grower,,,,,Contact for quote,EWG Farm Subsidy Database (USDA cotton payments)
Fisher Farms,Blythe,CA,grower,,,,,Contact for quote,EWG Farm Subsidy Database (USDA cotton payments)
Red River Farms,Blythe,CA,grower,,,,,Contact for quote,EWG Farm Subsidy Database (USDA cotton payments)
Bowles Farming Company Inc,Los Banos,CA,grower,,,,,Contact for quote,EWG Farm Subsidy Database (USDA cotton payments)
Cloverdale Farms,Hanford,CA,grower,,,,,Contact for quote,EWG Farm Subsidy Database (USDA cotton payments)
A-bar Ag Enterprises,Firebaugh,CA,grower,,,,,Contact for quote,EWG Farm Subsidy Database (USDA cotton payments)
E W Merritt Farms,Porterville,CA,grower,,,,,Contact for quote,EWG Farm Subsidy Database (USDA cotton payments)
C J Ritchie Farms,Visalia,CA,grower,,,,,Contact for quote,EWG Farm Subsidy Database (USDA cotton payments)
Gilkey Five,Corcoran,CA,grower,,,,,Contact for quote,EWG Farm Subsidy Database (USDA cotton payments)
Hansen Ranches,Corcoran,CA,grower,,,,,Contact for quote,EWG Farm Subsidy Database (USDA cotton payments)
J G Boswell Co,Corcoran,CA,grower,,,,,Contact for quote,EWG Farm Subsidy Database (USDA cotton payments)
Ddab Farms,Caruthersville,MO,grower,,,,,Contact for quote,EWG Farm Subsidy Database (USDA cotton payments)
Pierce Farms,Caruthersville,MO,grower,,,,,Contact for quote,EWG Farm Subsidy Database (USDA cotton payments)
Rone Farm Partnership,Portageville,MO,grower,,,,,Contact for quote,EWG Farm Subsidy Database (USDA cotton payments)
Parker & Jones Farms,Senath,MO,grower,,,,,Contact for quote,EWG Farm Subsidy Database (USDA cotton payments)
Clearview Farms,Fisk,MO,grower,,,,,Contact for quote,EWG Farm Subsidy Database (USDA cotton payments)
Robinson Farms,Dexter,MO,grower,,,,,Contact for quote,EWG Farm Subsidy Database (USDA cotton payments)
Priggel Land Partnership,Oran,MO,grower,,,,,Contact for quote,EWG Farm Subsidy Database (USDA cotton payments)
Hoggard Farms,Portageville,MO,grower,,,,,Contact for quote,EWG Farm Subsidy Database (USDA cotton payments)
Martin Farm,Courtland,AL,grower,,,,,Contact for quote,EWG Farm Subsidy Database (USDA cotton payments)
Newby Farms,Athens,AL,grower,,,,,Contact for quote,EWG Farm Subsidy Database (USDA cotton payments)
Haney Farms,Athens,AL,grower,,,,,Contact for quote,EWG Farm Subsidy Database (USDA cotton payments)
Driskell Cotton Farms,Grand Bay,AL,grower,,,,,Contact for quote,EWG Farm Subsidy Database (USDA cotton payments)
Benton Farms,Benton,AL,grower,,,,,Contact for quote,EWG Farm Subsidy Database (USDA cotton payments)
Darden Bridgeforth And Sons,Tanner,AL,grower,,,,,Contact for quote,EWG Farm Subsidy Database (USDA cotton payments)
Blythe Cotton Company,Town Creek,AL,grower,,,,,Contact for quote,EWG Farm Subsidy Database (USDA cotton payments)
Hamilton Farms,Hillsboro,AL,grower,,,,,Contact for quote,EWG Farm Subsidy Database (USDA cotton payments)
Wiggins Farm,Andalusia,AL,grower,,,,,Contact for quote,EWG Farm Subsidy Database (USDA cotton payments)
Helton Brothers Farm,Atmore,AL,grower,,,,,Contact for quote,EWG Farm Subsidy Database (USDA cotton payments)
Lee Farm,Town Creek,AL,grower,,,,,Contact for quote,EWG Farm Subsidy Database (USDA cotton payments)
Westover Planting Co,Eufaula,AL,grower,,,,,Contact for quote,EWG Farm Subsidy Database (USDA cotton payments)
Vaden Farms,Florence,AL,grower,,,,,Contact for quote,EWG Farm Subsidy Database (USDA cotton payments)
J B Hain Co,Sardis,AL,grower,,,,,Contact for quote,EWG Farm Subsidy Database (USDA cotton payments)
Devaney Brothers Farms,Madison,AL,grower,,,,,Contact for quote,EWG Farm Subsidy Database (USDA cotton payments)
Home Place Partners,Prattville,AL,grower,,,,,Contact for quote,EWG Farm Subsidy Database (USDA cotton payments)
Red Land Farms,Moulton,AL,grower,,,,,Contact for quote,EWG Farm Subsidy Database (USDA cotton payments)
Daniel W. Baxley,Dillon,SC,grower,,,,,Contact for quote,NCC American Cotton Producers
Clinton James Dunn,Itta Bena,MS,grower,,,,,Contact for quote,NCC American Cotton Producers
Gerald A. Rovey,Buckeye,AZ,grower,,,,,Contact for quote,NCC American Cotton Producers
Shane Isbell,Cherokee,AL,grower,,,,,Contact for quote,NCC American Cotton Producers
Nick R. McMichen,Centre,AL,grower,,,,,Contact for quote,NCC American Cotton Producers
Jesse Cooper Flye,Jonesboro,AR,grower,,,,,Contact for quote,NCC American Cotton Producers
Dean Everett Rovey,Buckeye,AZ,grower,,,,,Contact for quote,NCC American Cotton Producers
Dean R. Wells,Casa Grande,AZ,grower,,,,,Contact for quote,NCC American Cotton Producers
Bryan Bone,Bakersfield,CA,grower,,,,,Contact for quote,NCC American Cotton Producers
Nicholas Marshall,Baker,FL,grower,,,,,Contact for quote,NCC American Cotton Producers
Lee Cromley,Brooklet,GA,grower,,,,,Contact for quote,NCC American Cotton Producers
"Bart Davis, Jr.",Doerun,GA,grower,,,,,Contact for quote,NCC American Cotton Producers
Stuart C. Briggeman,Pratt,KS,grower,,,,,Contact for quote,NCC American Cotton Producers
Stephen E. Logan,Gilliam,LA,grower,,,,,Contact for quote,NCC American Cotton Producers
"Russell Y. Ratcliff, III",Saint Joseph,LA,grower,,,,,Contact for quote,NCC American Cotton Producers
Barry B. Bean,Gideon,MO,grower,,,,,Contact for quote,NCC American Cotton Producers
"Ted H. Kendall, IV",Bolton,MS,grower,,,,,Contact for quote,NCC American Cotton Producers
Eric K. Cahoon,Engelhard,NC,grower,,,,,Contact for quote,NCC American Cotton Producers
Chris Sawyer,Greenville,NC,grower,,,,,Contact for quote,NCC American Cotton Producers
Dean Calvani,Carlsbad,NM,grower,,,,,Contact for quote,NCC American Cotton Producers
Philip Ray Bohl,Faxon,OK,grower,,,,,Contact for quote,NCC American Cotton Producers
Mark Nichols,Altus,OK,grower,,,,,Contact for quote,NCC American Cotton Producers
"Cecil Eaddy, Jr.",Manning,SC,grower,,,,,Contact for quote,NCC American Cotton Producers
James H. Johnson,Mayesville,SC,grower,,,,,Contact for quote,NCC American Cotton Producers
Jason R. Luckey,Humboldt,TN,grower,,,,,Contact for quote,NCC American Cotton Producers
William R. Walker,Somerville,TN,grower,,,,,Contact for quote,NCC American Cotton Producers
Brent Coker,Lubbock,TX,grower,,,,,Contact for quote,NCC American Cotton Producers
Stacy W. Smith,Wilson,TX,grower,,,,,Contact for quote,NCC American Cotton Producers
"James W. Jones, Jr.",Windsor,VA,grower,,,,,Contact for quote,NCC American Cotton Producers
Jon R. Whatley,Odem,TX,grower,,,,,Contact for quote,NCC American Cotton Producers
Jason T. Condrey,Lake Providence,LA,grower,,,,,Contact for quote,NCC American Cotton Producers
Madison C. Coley,Vienna,GA,grower,,,,,Contact for quote,NCC American Cotton Producers
James Sutton Page,Avoca,TX,grower,,,,,Contact for quote,NCC American Cotton Producers
Garold Joe Martin,Firebaugh,CA,grower,,,,,Contact for quote,NCC American Cotton Producers
