name,city,state,url,website,buy_link,phone,email,type,raising,notes,products,production,source,source_url,prices
Buffalo Valley Pastures,Quarryville,PA,https://bvpmarket.com/,https://bvpmarket.com/,https://bvpmarket.com/store/grass-fed-humane-veal,215-804-6551,milk@bvpmarket.com,veal_farm,pasture_raised,"100% grass-fed & finished veal; pasture-raised, never confined; no antibiotics, vaccines, hormones, GMOs; chops, cutlets, ground, cubes, liver, heart, loin; farm pickup + delivery PA/NJ/MD/VA/DC",No Antibiotics,Family farm; PA,web,https://bvpmarket.com/,"See website (login required); chops, ground, cutlets, bones"
Rossotti Ranch,Petaluma,CA,https://rossottiranch.com/,https://rossottiranch.com/,https://rossottiranch.com/,415-717-4033,julie@rossottiranch.com,veal_farm,pasture_raised,"CHEAP VEAL BONES $3/lb: 9th-generation family ranch; west Marin + Sonoma Counties; pasture-raised veal; veal bones 20lb $60 ($3/lb, reg $80/$4/lb); bone broth box also avail; calves on mother's milk + native grasses; 6-8 months; ships frozen Tuesdays; 800 Carmody Rd Petaluma CA; Marin farmers market Sun; wholesale avail",Veal Bones,9th generation; Marin/Sonoma CA,web,https://rossottiranch.com/,VEAL BONES 20lb $60 ($3/lb sale); brisket $100; ground $140; feast $220
Beam Family Farms,Delight,NC,https://www.beamfamilyfarms.com/,https://www.beamfamilyfarms.com/,https://www.beamfamilyfarms.com/veal,704-538-1419,luke@bffbeef.com,veal_farm,pasture_raised,"Free-range veal; unlimited access to mother's milk + pasture; no antibiotics or hormones; grain-free; conceived, calved, raised on-farm; brisket, ribs, chops, ground, sausage, whole/half veal; online via Barn2Door",No Antibiotics; Half Veal,Multi-generational family farm,web,https://www.beamfamilyfarms.com/,"Chops, ground, ribs, sausage, whole/half veal"
Possum Tail Farm,Terra Alta,WV,https://www.possumtailfarm.com/,https://www.possumtailfarm.com/,https://www.possumtailfarm.com/what-we-sell/organic-veal/,304-789-5556,possumtailfarm@gmail.com,veal_farm,pasture_raised,Rose veal calves raised humanely on grass alongside cattle herd; organic since 2012; 4th generation 148-acre farm; 100% grass-fed; on-farm sales by appointment; delivery to Morgantown WV + Oakland MD,Rose Veal; Organic,4th generation; 148 acres; organic since 2012,web,https://www.possumtailfarm.com/,On-farm by appointment; delivery WV/MD
The Old Road Farm,Washington,PA,https://theoldroadfarm.com/,https://theoldroadfarm.com/,https://theoldroadfarm.com/store/roseveal,724-250-8750,farmer@theoldroadfarm.com,veal_farm,pasture_raised,"Rose veal; pasture-raised, organic-fed; regenerative farming; online store; weekly Saturday pickup 11am + by appointment; multiple pickup locations + home delivery",Rose Veal; Organic,Regenerative family farm; PA,web,https://theoldroadfarm.com/,Rose veal cuts; see online store
Our Home Place Meat,New Castle,KY,https://ourhomeplacemeat.com/,https://ourhomeplacemeat.com/,https://ourhomeplacemeat.com/our-beef/,,,veal_farm,pasture_raised,"Rose veal from 100% pasture-raised yearling cattle; Henry County KY family farms; no antibiotics, steroids, hormones; no feedlots; ribeye, NY strip, ground, tenderloin, brisket, osso buco, liver; ships nationwide; 10% off sitewide",Rose Veal; No Antibiotics; Osso Buco,KY family farm network,web,https://ourhomeplacemeat.com/,Ground $45-$90; ribeye $60-$120; sampler $172-$195; free ship $250+
Springdale Farm and Creamery,Waldo,ME,https://springdale-farm-store.com/,https://springdale-farm-store.com/,https://farmdrop.us/farm/springdale-farm-and-creamery/,207-272-5492,,veal_farm,pasture_raised,"4th generation family farm; Jersey + Guernsey cattle; rose veal raised 5-7 months to 350-400 lbs; cutlets, loin chops, osso buco, bones, ground, sausage; micro-creamery; also on FarmDrop marketplace",Rose Veal; Osso Buco,4th generation; Waldo ME,web,https://farmdrop.us/farm/springdale-farm-and-creamery/,"Ground rose veal ~$12/lb; osso buco, chops, bones available"
Crosswinds Farm & Creamery,Rock Stream,NY,https://crosswindsfarmcreamery.com/,https://crosswindsfarmcreamery.com/,https://crosswindsfarmcreamery.com/store/product/veal-marrow-bone,607-327-0363,crosswindsfarmcreamery@gmail.com,veal_farm,pasture_raised,"100% grassfed veal marrow bones; calves raised alongside mothers, weaned 6-8 months; regenerative agriculture; whole bones with knuckle, vacuum-sealed frozen; farm store + scoop shop M-F 7-5, Sa-Su 9-5; online ordering; pickup + delivery NY/PA",Marrow Bones,Regenerative family farm; Finger Lakes NY,web,https://crosswindsfarmcreamery.com/,Veal marrow bones (login for pricing); grassfed dairy + meat
Plumb Rocky Farm,,NY,https://plumbrockyfarm.com/,https://plumbrockyfarm.com/,https://plumbrockyfarm.com/store/,,,veal_farm,pasture_raised,"Rose veal from Jersey cows; heritage breed; grass-fed, organic feed; calves raised on pasture with mothers; regenerative practices; short ribs, bones, ground, chops",Rose Veal; Organic; Heritage Breed,Small heritage farm; NY,web,https://plumbrockyfarm.com/,Rose veal cuts; see online store
Misty Brook Farm,Albion,ME,https://mistybrook.com/,https://mistybrook.com/,https://mistybrook.com/products/the-cows/,207-437-4719,mistybrookorganic@gmail.com,veal_farm,pasture_raised,Certified organic; 100% grass-fed rose veal; calves raised on mothers/nurse moms; rotationally grazed with sunshine access; self-service farm store open daily dawn-dusk; wholesale + distribution available; inquire about bones + fat,Rose Veal; Organic,Certified organic family farm; Albion ME,web,https://mistybrook.com/,Contact for organic rose veal + bones pricing
Slate Creek Farm,Remsen,NY,https://slatecreekfarmny.com/,https://slatecreekfarmny.com/,https://slatecreekfarmny.com/product/rose-veal,,,veal_farm,pasture_raised,"Rose veal; ribeye chops $26.50/lb, cutlets $22/lb, loin chops $26/lb, ground $12.50/lb, osso buco $14/lb, bones $4/lb, leg roast $14.95/lb, stew $12.95/lb; farm pickup M/W/F 3-6pm; Oneida County market delivery; home delivery Utica/Rome area; shipping on request",Rose Veal; Osso Buco,Small family farm; Remsen NY,web,https://slatecreekfarmny.com/,Bones $4/lb; ground $12.50/lb; osso buco $14/lb; chops $26-$26.50/lb
B2 Ranch,Buffalo,TX,https://www.b2ranch.com/,https://www.b2ranch.com/,https://www.b2ranch.com/shop,,joebeall.fbg@gmail.com,veal_farm,pasture_raised,"Post Oak Savannah region TX; pasture-raised veal; calves raised by mothers on grass; no confinement, antibiotics, or hormones; pink, tender, delicate flavor; chops, cutlets, ground veal; online ordering",Ground Veal,Family ranch; Buffalo TX,web,https://www.b2ranch.com/,Grassfed veal cuts; email for pricing
Sweet & Salty Farm,Little Compton,RI,https://sweetandsaltyfarm.com/,https://sweetandsaltyfarm.com/,https://sweetandsaltyfarm.com/grass-fed-veal/,,sweetandsaltyfarm@gmail.com,veal_farm,pasture_raised,Small family dairy; Jersey bull calves raised on mothers ~4 months then grazed on fresh daily-rotated pasture; rose veal; also cheese + yogurt creamery; pickup Little Compton Fri-Sun 10-2 + Providence farmers market Sat; no shipping; seasonal availability,Rose Veal,Small dairy farm; Little Compton RI,web,https://sweetandsaltyfarm.com/,Seasonal rose veal; check online store
Painted Hand Farm,Newburg,PA,https://paintedhandfarm.com/,https://paintedhandfarm.com/,https://paintedhandfarm.com/,717-423-5663,,veal_farm,pasture_raised,"20-acre Civil War-era farm; 30+ years regenerative ag; veal, goat, turkey; rotational grazing, multi-species; no chemicals/mutilation; pasture diversified with grasses, forbs, legumes, native plants; organic vegetables",Organic,30+ years regenerative; 20 acres; Newburg PA,web,https://paintedhandfarm.com/,Contact farm for current veal pricing
Strauss Brands (Strauss Veal),Franklin,WI,https://straussbrands.com/,https://straussbrands.com/,https://straussbrands.com/,800-562-7775,info@straussveal.com,veal_processor,both,"Founded 1937; family-owned (Randy + Tim Strauss); Free Raised Veal program: calves stay with mother 18-22 wks, 400-500 lbs, Limousin-influenced; all-natural, no antibiotics/hormones; also conventional milk-fed; largest US veal processor",No Antibiotics,Est. 1937; largest US veal processor,web,https://straussbrands.com/,Wholesale/foodservice; Free Raised + conventional programs
Marcho Farms,Souderton,PA,https://marchofarms.com/,https://marchofarms.com/,https://marchofarms.grazecart.com/,800-313-7131,ltufft@marchofarms.com,veal_processor,conventional,Major US veal producer; USDA-certified Marcho Farms Premium Veal program; Souderton PA; wholesale + direct sales via GrazeCart; Dr. Linda Tufft quality assurance; milk-fed + grain-fed programs,Veal processing; wholesale; food service,Major US processor; Souderton PA,web,https://marchofarms.com/,Wholesale + retail via GrazeCart
Catelli Brothers,Pennsauken,NJ,https://catellibrothers.com/,https://catellibrothers.com/,https://catellibrothers.com/veal,856-910-1016,,veal_processor,conventional,"75+ years; veal + lamb; NJ + MA processing facilities; group-housed, untethered calves; specialty steaks, grinds, marinated proteins; foodservice + retail; value-added product line",Veal processing; wholesale; food service,Est. ~1950; 75+ years; NJ + MA facilities,web,https://catellibrothers.com/,Wholesale/foodservice; value-added cuts
Atlantic Veal & Lamb (Plume De Veau),Brooklyn,NY,https://atlanticvealandlamb.com/,https://atlanticvealandlamb.com/,https://atlanticvealandlamb.com/plumebrands/,718-599-6400,,veal_processor,conventional,"Founded 1956; 3 generations; Plume De Veau brand; fully integrated: feed plants, calf barns, butcheries; 50+ independent growers across 4 states; 100% tether-free group housing; USDA facilities in NE Ohio + Brooklyn NY; Ohio State University welfare certification; M-F 6am-4:30pm",Veal processing; wholesale; food service,Est. 1956; 50+ growers; 4 states; 2 USDA plants,web,https://atlanticvealandlamb.com/,Wholesale/foodservice; Plume De Veau + Epicurean + Farm Fed brands
Midwest Veal,North Manchester,IN,,,,,,veal_processor,conventional,Country's top veal producer; North Manchester IN; president Steve Anderson; sprawling production facilities; converted to modern group housing over 7 yrs starting 2005; sister company Strauss Feeds (Watertown WI); Indiana is #1 veal-producing state,Veal processing; wholesale; food service,#1 US veal producer; North Manchester IN,web,https://www.americanveal.com/,Wholesale/foodservice
Victorian Farmstead Meat Company,Sebastopol,CA,https://new.vicfarmmeats.com/,https://new.vicfarmmeats.com/,https://new.vicfarmmeats.com/product-category/pasture-raised-beef-veal/veal/,707-332-4605,adam@vicfarmmeats.com,veal_retailer,pasture_raised,"Butcher in Community Market Sebastopol; sources from Rossotti Ranch; pasture-raised veal; rib chops $42/lb, osso buco $5, cutlet $10, tenderloin $15, porterhouse $12, top sirloin $12, ground $13, stew $14.50, bones $5/lb; local delivery $15 + nationwide shipping",Osso Buco,Sebastopol CA butcher,web,https://new.vicfarmmeats.com/,Bones $5/lb; ground $13; chops $42/lb; osso buco $5; tenderloin $15
Grow & Behold (Kosher Pastured Meats),Brooklyn,NY,https://www.growandbehold.com/,https://www.growandbehold.com/,https://www.growandbehold.com/rose-veal/,888-790-5781,info@growandbehold.com,veal_retailer,pasture_raised,"Kosher pastured rose veal; pasture-fed, never penned; no hormones/antibiotics; veal bones $12.99/lb, marrow bones $18.49/lb; rib chops, ground, scaloppini, stew, osso buco, short ribs; multiple kosher certifications (Star-K, OU, Beit Yosef); ships nationwide frozen; NY/NJ local delivery",Rose Veal; No Hormones; Osso Buco; Veal Bones; Marrow Bones; Kosher,US family farms; Brooklyn NY HQ,web,https://www.growandbehold.com/,"Bones $12.99/lb; marrow $18.49/lb; chops, ground, osso buco"
DeBragga,New York,NY,https://www.debragga.com/,https://www.debragga.com/,https://www.debragga.com/veal.html,646-873-6555,,veal_retailer,conventional,"New York's Butcher; milk-fed veal from 120 farms in OH + PA; Holstein calves; no hormones, no sub-therapeutic antibiotics; osso buco 6-pack $226, frenched rack chops 4-pack $170; glace de veau $27; fresh overnight delivery; serves legendary chefs",No Hormones; Osso Buco,120 farms; OH + PA sourced,web,https://www.debragga.com/,Osso buco 6pk $226; rack chops 4pk $170; glace de veau $27
D'Artagnan,Union,NJ,https://www.dartagnan.com/,https://www.dartagnan.com/,https://www.dartagnan.com/buy/veal/,800-327-8246,,veal_retailer,conventional,"Gourmet meat purveyor; milk-fed veal (French Charolais/Limousin imported + domestic); humanely raised, no antibiotics/hormones; Milanese chops $46-$47; striploin, racks, shanks; 12 veal products; $15 flat shipping; 15% off $199+",Humanely Raised; No Antibiotics,Major gourmet retailer,web,https://www.dartagnan.com/,"Milanese chops $46-$47; rack, shanks, striploin; $15 flat ship"
Exceptional Foods,Pennsauken,NJ,https://www.exfoods.com/,https://www.exfoods.com/,https://www.exfoods.com/products/veal/,215-739-8450,orders@exfoods.com,veal_wholesale,conventional,"Wholesale meat distributor NJ/PA/DE; sources Plume De Veau milk-fed veal; tether-free, Ohio State certified; top round, medallions, shank, osso buco, bones, demi-glace, chops, cheeks, sweetbreads, breast; new accounts call sales team",Osso Buco; Demi-Glace,Wholesale distributor; NJ/PA/DE territory,web,https://www.exfoods.com/,Wholesale; call 215-739-8450 for pricing
Provimi Foods,,,https://provimifoods.com/,https://provimifoods.com/,https://provimifoods.com/our-products/,800-833-8325,,veal_wholesale,conventional,"Veal demi-glace specialist; Traditional (#97877 16lb case), Supreme (#97077 20lb case), Halal (#97477 20lb case); roasted veal bones, ready-to-use sauces; gluten-free, starch-free; foodservice wholesale",Veal Bones; Demi-Glace; Halal,Major demi-glace producer,web,https://provimifoods.com/,Traditional 16lb case; Supreme 20lb case; Halal 20lb case; wholesale
Chicago Wholesale Meats (Northwest Meat Co),Chicago,IL,https://www.chicagowholesalemeats.com/,https://www.chicagowholesalemeats.com/,https://www.chicagowholesalemeats.com/product/wholesale-veal/,,,veal_wholesale,conventional,"Chicago wholesale meat distributor; veal osso buco, shanks, chops, ground, various wholesale cuts; foodservice + restaurant supply",Osso Buco,Wholesale distributor; Chicago IL,web,https://www.chicagowholesalemeats.com/,"Wholesale; veal osso buco 14oz, chops, shanks"
Fischer Bros & Leslie,New York,NY,https://www.fischerbros.com/,https://www.fischerbros.com/,https://www.fischerbros.com/products/597,,,veal_retailer,conventional,Kosher butcher/retailer; veal shank osso buco $29.98/lb; premium veal cuts; New York City,Osso Buco; Veal Shank; Kosher,NYC kosher butcher,web,https://www.fischerbros.com/,Osso buco $29.98/lb; premium veal cuts
Halperns' Steak & Seafood,Atlanta,GA,https://halperns.com/,https://halperns.com/,https://halperns.com/our-products/veal/,866-659-6090,,veal_wholesale,both,"Gourmet wholesale; milk-fed + range-fed veal; custom cutting; 7 locations: Atlanta GA, Ft Lauderdale/Naples/Orlando FL, Baltimore MD, Arlington TX, Walton KY, Kalamazoo MI; osso buco, racks, chops, custom cuts; part of GFS family",Osso Buco,7 US locations; national wholesale,web,https://halperns.com/,Wholesale; milk-fed + range-fed veal; custom cut
Pritzlaff Wholesale Meats,New Berlin,WI,https://pritzlaffmeats.com/,https://pritzlaffmeats.com/,http://www.pritzlaffmeats.com/OUR-PRODUCTS/VEAL,866-290-0507,,veal_wholesale,conventional,"Wisconsin wholesale meats; Dutch veal: racks, chops, ribeye, breast, osso buco, short ribs, tenderloin, cutlets; all-natural; M-F 8am-4:30pm CST; fax orders 24/7; restaurant + foodservice",Osso Buco,Wholesale distributor; New Berlin WI,web,https://pritzlaffmeats.com/,Wholesale; Dutch veal cuts; call for pricing
Weiss Meats,Pittsburgh,PA,https://www.weissmeats.com/,https://www.weissmeats.com/,https://www.weissmeats.com/store/wholesale,800-870-0545,orders@weissmeats.com,veal_wholesale,conventional,"Since 1948; Pittsburgh wholesale; serves PA/WV/OH; grocers, restaurants, caterers; veal + custom cuts; 5-6 day delivery; M-Sa 8am-6pm",Wholesale veal; food service; bulk,Est. 1948; PA/WV/OH territory,web,https://www.weissmeats.com/,Wholesale; custom-cut + portioning; special orders
Alony Glatt (Kosher Grass Fed),Davie,FL,https://alonyglatt.com/,https://alonyglatt.com/,https://alonyglatt.com/collections/veal,954-483-9909,AlonyGlatt@gmail.com,veal_retailer,pasture_raised,"Kosher (glatt) grass-fed veal; osso buco $15.99/lb; veal chop $32.99/lb; half veal ~$13.99/lb; 100% USA born/raised/processed; Sun-Thu 9am-8pm, Fri 9am-2pm; nationwide delivery",Osso Buco; Half Veal; Kosher,Online kosher retailer; Davie FL,web,https://alonyglatt.com/,Osso buco $15.99/lb; chop $32.99/lb; half veal $13.99/lb
KOSH,,NY,https://www.kosh.com/,https://www.kosh.com/,https://www.kosh.com/kosher-veal.html,845-295-5152,,veal_retailer,conventional,"Premium kosher veal; PA milk-fed; Marble & Grain brand; 2-bone rib chops $54.99/lb; hand-cut, vacuum-sealed, frozen; Star-K Glatt certified; free ground shipping $350+; ships M-Thu",Kosher,PA milk-fed veal; online kosher retail,web,https://www.kosh.com/,Rib chops $54.99/lb; case of 10 ~$336; free ship $350+
Lobel's of New York,New York,NY,https://www.lobels.com/,https://www.lobels.com/,https://www.lobels.com/all-natural-veal-25,877-783-4512,,veal_retailer,conventional,"Premier NYC butcher since 1840; all-natural milk-fed veal from upper Midwest; hormone + antibiotic-free; chops, roasts, cutlets, ground, osso buco, stew, CulinArte Glace de Veau; ships nationwide; legendary quality",Osso Buco,Est. 1840; upper Midwest sourced,web,https://www.lobels.com/,"Strip steak $30-$33; chops, roasts, cutlets, glace de veau"
Prairie Street (Kosher),,,https://prairiestreet.co/,https://prairiestreet.co/,https://prairiestreet.co/collections/veal,,info@prairiestreet.co,veal_retailer,pasture_raised,"Star-K kosher veal; pasture-fed, humanely raised on US family farms; rib chops $52; paillard, cutlets, ground, osso buco; free 3-day shipping US $100+; 10% subscription discount; WhatsApp ordering",Humanely Raised; Osso Buco; Kosher,US family farm sourced,web,https://prairiestreet.co/,Rib chops $52; free 3-day ship $100+; 10% sub discount
Fossil Farms,Boonton,NJ,https://www.fossilfarms.com/,https://www.fossilfarms.com/,https://www.fossilfarms.com/,973-917-3155,,veal_retailer,conventional,"Specialty + game meat retailer; retail store + online; 81 Fulton St Boonton NJ; free shipping $199+; store pickup available 24hr notice; M-F 9-5; veal, game meats, exotic proteins",Veal cuts; bones; online retail,Specialty retailer; Boonton NJ,web,https://www.fossilfarms.com/,Free shipping $199+; specialty cuts; call for veal availability
Pat LaFrieda Meat Purveyors,North Bergen,NJ,https://www.lafrieda.com/,https://www.lafrieda.com/,https://shop.lafrieda.com/collections/veal,,,veal_retailer,conventional,"Largest veal distributor in New York; milk-fed veal from Mennonite + Amish family farms; humanely raised in group housing; Temple Grandin-designed facilities; rib chops 12oz + 16oz, porterhouse chops 14oz; online + wholesale via chefandrestaurantsupply.com",Humanely Raised,Largest NYC veal distributor,web,https://shop.lafrieda.com/,"Rib chops, porterhouse; wholesale + online retail"
S. Ottomanelli & Sons,Queens,NY,https://ottomanelli.com/,https://ottomanelli.com/,https://ottomanelli.com/product-category/veal/,718-651-5544,,veal_retailer,conventional,"NYC butcher; natural milk-fed veal; loin chops $15-$45, rib chops $15-$45, cutlets $23, osso buco $65; antibiotic-free, hormone-free, vegetarian-fed; ships nationwide; 60-15 Woodside Ave Queens NY",Osso Buco,NYC butcher; Queens + Greenwich Village,web,https://ottomanelli.com/,Chops $15-$45; cutlets $23; osso buco $65
Vincent's Meat Market,Bronx,NY,https://vincentsmeatmarket.com/,https://vincentsmeatmarket.com/,https://vincentsmeatmarket.com/product-category/veal/,718-295-9048,theservice@vincentsmeatmarket.com,veal_retailer,conventional,"Since 1954; Arthur Ave Bronx; family-owned; hand-cut never-frozen; cutlets $34, rib chops $41-$60, osso buco $45-$180, stew $22; ships nationwide + NYC local delivery; M-Sa 9-5; text 929-736-2110",Osso Buco,Est. 1954; Arthur Ave Bronx,web,https://vincentsmeatmarket.com/,Cutlets $34; chops $41-$60; osso buco $45-$180; stew $22
Citarella,New York,NY,https://www.citarella.com/,https://www.citarella.com/,https://www.citarella.com/shop,212-874-0383,,veal_retailer,conventional,"Premium NYC grocer; ground veal $17.49/lb; veal chops, cutlets; same-day delivery or pickup; nationwide overnight shipping $35-$70; min $75 order; M-Sa 9-7, Sun 10-6; multiple NYC locations",Veal Chops; Ground Veal,Premium retailer; multiple NYC locations,web,https://www.citarella.com/,Ground veal $17.49/lb; overnight ship $35-$70; min $75
Farmingdale Meat Market,Farmingdale,NY,https://farmingdalemeatmarket.com/,https://farmingdalemeatmarket.com/,https://farmingdalemeatmarket.com/collections/veal,516-249-8200,info@mainstreetmeats.com,veal_retailer,conventional,"Since 1946; family-owned Long Island butcher; bones $4.13/lb, ground 2lb $16.54, rib chops $27.16, porterhouse $16.20, osso buco $20.81/14oz; also Main Street Wholesale for restaurants; free local delivery $200+; nationwide 3-4 day ship; M-Sa 9-6, Sun 9-3",Osso Buco,Est. 1946; Long Island NY,web,https://farmingdalemeatmarket.com/,Bones $4.13/lb; ground $8.27/lb; chops $27; osso buco $21
Cappuccio's Meats,Philadelphia,PA,https://shop.cappuccios.com/,https://shop.cappuccios.com/,https://shop.cappuccios.com/products/631760724a98d1002f02054f/fresh-veal-stock-bones,215-922-5792,cappucciosmeats@comcast.net,veal_retailer,conventional,Italian Market Philadelphia; fresh veal stock bones $5.99/lb; online shop + in-store; 1019 S 9th St Philadelphia PA,Veal Stock,Italian Market butcher; Philadelphia PA,web,https://shop.cappuccios.com/,Veal stock bones $5.99/lb; fresh cuts
Paulina Market,Chicago,IL,https://www.paulinamarket.com/,https://www.paulinamarket.com/,https://www.paulinamarket.com/products/veal-bones,773-248-6272,,veal_retailer,conventional,"Classic Chicago butcher; Wisconsin veal; bones $10.95/~1.5lb; full veal selection; M-F 9-6, Sa 9-5; 3501 N Lincoln Ave Chicago IL; Ask the Butcher feature",Veal cuts; bones; online retail,Chicago butcher; Wisconsin veal sourced,web,https://www.paulinamarket.com/,Bones $10.95/1.5lb; full veal counter
Springfield Butcher,Springfield,VA,https://www.springfieldbutcher.com/,https://www.springfieldbutcher.com/,https://www.springfieldbutcher.com/product/Veal-Bones,703-245-0111,info@springfieldbutcher.com,veal_retailer,conventional,"Since 1977; veal bones $5.99/1.5lb avg; online ordering with in-store pickup; serves DC/MD/VA area; Tu-Sa 10-6, Sun 10-3; 6310B Springfield Plaza Springfield VA",Veal Bones,Est. 1977; Springfield VA,web,https://www.springfieldbutcher.com/,Veal bones $5.99/1.5lb; full butcher counter
Amos Miller Organic Farm,Bird-in-Hand,PA,https://amosmillerorganicfarm.com/,https://amosmillerorganicfarm.com/,https://amosmillerorganicfarm.com/product-category/meats-only/milk-fed-and-grass-finished-veal/,717-556-0672,,veal_farm,pasture_raised,"Organic Amish farm; milk-fed + grass-finished veal; no hormones, antibiotics, GMO, drugs, or vaccines; ground veal $11.50/lb, marrow bones $17.50/lb, veal broth $8.50/pint; also beef tallow $6.50-$11/pint-qt; Private Member Association; ships M-Thu; min $50 order",No Hormones; Organic; Marrow Bones; Ground Veal,Organic Amish farm; Bird-in-Hand PA,web,https://amosmillerorganicfarm.com/,Marrow bones $17.50/lb; ground $11.50/lb; broth $8.50/pt; beef tallow $6.50-$11
Harmony Acres,,,https://harmonyacres.com/,https://harmonyacres.com/,https://harmonyacres.com/store/beef/veal,888-711-8777,,veal_farm,pasture_raised,"100% grass-fed veal; food ministry model (membership donations); rotationally grazed year-round; no pesticides or chemicals; multiple pickup locations across USA + home delivery; raw dairy, pastured eggs, pork, chicken also available",Veal; pasture-raised; farm direct,Multi-state pickup network,web,https://harmonyacres.com/,Membership/donation model; 100% grass-fed veal
Star Dairy (Rose Veal),,,https://stardairy.weebly.com/,https://stardairy.weebly.com/,https://stardairy.weebly.com/rose-veal.html,,staressence@gmail.com,veal_farm,pasture_raised,Rose veal from dairy bull calves; raised on mother's milk + fresh grass spring/summer; butchered in fall; whole animal $6/lb hanging weight + butchering; half $6.50/lb; seasonal availability,Rose Veal,Small family dairy; seasonal fall harvest,web,https://stardairy.weebly.com/,Whole $6/lb hanging wt; half $6.50/lb + butchering
Porter and York,,,https://porterandyork.com/,https://porterandyork.com/,https://porterandyork.com/product/buy-veal-osso-bucco-online/,,hey@porterandyork.com,veal_retailer,pasture_raised,"Pasture-raised veal osso buco 2-pack $54; natural Angus, harvested 18-20 wks (400-500 lbs); Midwest family farms; grass-fed grain-finished; creamy pink color, velvety texture; ships frozen nationwide",Osso Buco,Midwest family farm sourced,web,https://porterandyork.com/,Osso buco 2-pack $54; pasture-raised
Kansas City Steaks,Kansas City,MO,https://www.kansascitysteaks.com/,https://www.kansascitysteaks.com/,https://www.kansascitysteaks.com/beef/veal,877-377-8325,,veal_retailer,conventional,"Premium veal online; osso buco $215-$365 (hind shank 1lb each, wet-aged); rib chops bone-in wet-aged; ships nationwide (except CA/MA due to legislation); 10% off $100+ site-wide; includes cooking guide",Osso Buco,Major online meat retailer,web,https://www.kansascitysteaks.com/,Osso buco $215-$365; rib chops; 10% off $100+
Grand Western Steaks,,,https://grandwesternsteaks.com/,https://grandwesternsteaks.com/,https://grandwesternsteaks.com/veal-osso-bucco-domestic.html,877-624-6898,,veal_retailer,conventional,American veal osso bucco + frenched veal chops; ships nationwide; M-F 8-5; loyalty rewards program; Give $20 Get $20 promo,Veal Chops,Online meat retailer,web,https://grandwesternsteaks.com/,Osso bucco; frenched chops; call for pricing
Savenor's Market,Boston,MA,https://savenorsbutchery.com/,https://savenorsbutchery.com/,https://savenorsbutchery.com/collections/veal,617-723-6328,,veal_retailer,conventional,"Premium Boston butcher; veal rib chops, loin chops, shank osso bucco, sweetbreads; ships nationwide online; 2 locations: 160 Charles St Boston + 92 Kirkland St Cambridge; same-day Cambridge delivery before 11am",Veal cuts; bones; online retail,Premium butcher; Boston + Cambridge,web,https://savenorsbutchery.com/,"Premium veal cuts; rib chops, osso buco, sweetbreads"
Baldor Specialty Foods,Bronx,NY,https://www.baldorfood.com/,https://www.baldorfood.com/,https://www.baldorfood.com/farms/atlantic-veal-and-lamb,718-860-9100,,veal_wholesale,conventional,"Premier NYC wholesale food distributor; carries Plume De Veau (Atlantic Veal & Lamb); serves restaurants, hotels, food markets; Northeast coverage; M-F 9-5",Wholesale veal; food service; bulk,Major NYC wholesale distributor,web,https://www.baldorfood.com/,Wholesale; Plume De Veau + specialty meats
White Oak Pastures,Bluffton,GA,https://whiteoakpastures.com/,https://whiteoakpastures.com/,https://whiteoakpastures.com/products/grassfed-beef-suet,,,veal_retailer,pasture_raised,"Since 1866; regenerative farm; grassfed beef suet + raw fat; also bones, organs; free ship $249+; $15 perishable ship $149+; Bluffton GA; one of largest pasture-raised operations in US",Veal cuts; bones; online retail,Est. 1866; major regenerative farm; Bluffton GA,web,https://whiteoakpastures.com/,Grassfed suet; free ship $249+; $15 ship $149+
Bastrop Cattle Company,Bastrop,TX,https://www.bastropcattlecompany.com/,https://www.bastropcattlecompany.com/,https://www.bastropcattlecompany.com/shop/p/suet,512-537-6893,sales@BastropCattleCompany.com,veal_retailer,pasture_raised,"Woman-owned; 100% grass-fed grass-finished beef suet; vacuum-sealed 2-3lb packs; 10lb $7.50/lb, 20lb $7.25/lb, 40lb $7/lb; no antibiotics/hormones; no retail store, online + email only; ranch pickup by appt",No Antibiotics,Small ranch; Bastrop TX,web,https://www.bastropcattlecompany.com/,Suet 10lb $7.50/lb; 20lb $7.25/lb; 40lb $7/lb; +$20 TX ship
Beaver Brook Ranch,Hope,NJ,https://beaverbrookranch.com/,https://beaverbrookranch.com/,https://beaverbrookranch.com/product/grass-fed-bulk-tallow-rendered-suet/,908-509-7102,,veal_retailer,pasture_raised,"Grass-fed rendered tallow from 100% suet; dry-rendered triple-filtered; gallon (7lb) $18/lb ($126); 42+lb $15.30/lb; tallow balm $15-$77; farm store Sa 9-12, Fr 9-3; free ship $250+ eastern US; cGMP audited",Veal cuts; bones; online retail,Family farm; Hope NJ,web,https://beaverbrookranch.com/,Bulk tallow 7lb $126 ($18/lb); 42lb+ $15.30/lb; balm $15-$77
REP Provisions,Bixby,OK,https://repprovisions.com/,https://repprovisions.com/,https://repprovisions.com/products/rep-regenerative-beef-suet,,Kim@repprovisions.com,veal_retailer,pasture_raised,Regenerative grass-fed beef suet (kidney fat); 2lb $22.95 ($20.66 subscribe); free ship $175+ meat orders; 2-3 day UPS/FedEx; ships M-W; safe arrival guarantee; 48 continental US states,Veal cuts; bones; online retail,Regenerative sourced; Bixby OK,web,https://repprovisions.com/,Suet 2lb $22.95; subscribe 10% off; free ship $175+
Tyner Pond Farm,Greenfield,IN,https://tynerpondfarm.com/,https://tynerpondfarm.com/,https://tynerpondfarm.com/products/beef-suet,317-477-7940,amber@farmersmarket.com,veal_retailer,pasture_raised,100% grass-fed pasture-raised beef suet; ~2lb $30; cattle rotated daily on pasture; never grain-fed; no antibiotics/hormones; free local delivery $63+ Indianapolis area; Greenfield IN,No Antibiotics,Family farm; Greenfield IN,web,https://tynerpondfarm.com/,Suet ~2lb $30; free local delivery $63+
1915 Farm,Meyersville,TX,https://1915farm.com/,https://1915farm.com/,https://1915farm.com/products/grassfed-beef-cooking-tallow,361-333-5295,1915farm@1915farm.com,veal_retailer,pasture_raised,Grass-fed cooking tallow rendered from suet; 10oz glass jar $9.99; also raw suet ~1.5lb $9.99; hand-rendered small batch; ships nationwide UPS M-Tu on dry ice; ship from $29.99 TX; no hormones/antibiotics,No Hormones,Family farm; Meyersville TX,web,https://1915farm.com/,Tallow 10oz $9.99; raw suet 1.5lb $9.99; ship from $29.99
Svec Farm,Estelline,SD,https://www.svecfarm.com/,https://www.svecfarm.com/,https://www.svecfarm.com/product/beef-suet/,605-873-4770,info@svecfarm.com,veal_retailer,pasture_raised,"CHEAPEST BONES: 5th generation farm; heritage Belted Galloway cattle; grass-finished; bulk bones 33lb box $33 (~$1/lb!!!); suet ~3.5lb $19.60 (reg $28); no corn/soy/grain/antibiotics/GMO/hormones; pickup only: on-farm Estelline, Brookings, Sioux Falls SD; does not ship",Veal cuts; bones; online retail,5th generation; Estelline SD,web,https://www.svecfarm.com/,BONES 33lb $33 (~$1/lb); Suet 3.5lb $19.60 (sale); pickup only SD
Apsey Farms,,MI,https://apseyfarms.com/,https://apseyfarms.com/,https://apseyfarms.com/products/beef-suet,,,veal_retailer,pasture_raised,"100% grass-fed beef suet; regeneratively raised; ships continental US $99 min order; local delivery Grand Rapids MI area; also beef, pork, chicken, eggs",Veal cuts; bones; online retail,Regenerative farm; Grand Rapids MI area,web,https://apseyfarms.com/,Grass-fed suet; $99 min order; ships continental US
Rowe Family Farms,Cleveland,TN,https://rowefarmstn.com/,https://rowefarmstn.com/,https://rowefarmstn.com/products/grass-fed-beef-fat,423-650-2891,rowefarmstn@gmail.com,veal_retailer,pasture_raised,"Grass-fed beef kidney fat (suet); 1-1.5lb $7.50, 1.5-2lb $10, 2.1-2.5lb $12.50, 2.5-3lb $15; free local delivery $45+; nationwide shipping; also half/whole beef; Cleveland TN",Veal cuts; bones; online retail,Family farm; Cleveland TN,web,https://rowefarmstn.com/,Suet 1-1.5lb $7.50; 2.5-3lb $15; free local $45+
Tussock Sedge Farm,Perkasie,PA,https://tussocksedgefarm.com/,https://tussocksedgefarm.com/,https://tussocksedgefarm.com/store/product/beef-fat-suet,267-450-4024,info@tussocksedgefarm.com,veal_retailer,pasture_raised,100% grass-fed Red Angus; beef suet $6.99/lb (~5lb avg); raised nearly 3 years on pasture; no grain/chemicals/hormones/vaccines/antibiotics; dry-aged; on-farm pickup only M-Sa 8-6; Perkasie PA,Veal cuts; bones; online retail,Family farm; Perkasie PA,web,https://tussocksedgefarm.com/,Suet $6.99/lb (~5lb avg); on-farm pickup only
Primal Pastures,Murrieta,CA,https://primalpastures.com/,https://primalpastures.com/,https://primalpastures.com/products/beef-suet,,info@primalpastures.com,veal_retailer,pasture_raised,"Grass-fed grass-finished beef suet 2lb $16; Northern CA + AZ ranches; no antibiotics/hormones; ships nationwide M-W (M-Thu western states); 25391 Washington Ave Murrieta CA; W/F 9-3, Sa 9-12",No Antibiotics,Multi-ranch sourced; Murrieta CA,web,https://primalpastures.com/,Suet 2lb $16; ships nationwide
US Wellness Meats,Canton,MO,https://grasslandbeef.com/,https://grasslandbeef.com/,https://grasslandbeef.com/collections/tallow-marrow-broth,877-383-0051,eathealthy@grasslandbeef.com,veal_retailer,pasture_raised,"Major grass-fed online retailer; tallow 1.7lb $17.46, 1gal $101, 5gal $202; suet 5lb $38.52; marrow bones 1lb $11.28, 1.75lb $19.29, canoe-cut 5lb $79.95; knuckle bones 8oz $10.66; free ship 15lb+; M-F 8:30-4:30 CST",Marrow Bones,Major online retailer; Canton MO,web,https://grasslandbeef.com/,Suet 5lb $38.52; tallow 1.7lb $17.46; marrow 1lb $11.28; free ship 15lb+
Porter Road,Nashville,TN,https://porterroad.com/,https://porterroad.com/,https://porterroad.com/products/beef-bones,855-877-8202,,veal_retailer,pasture_raised,"Nashville butcher + online; pasture-raised beef bones ~$6/lb, marrow bones $15/lb, beef tallow 32oz; renders tallow in-house; no antibiotics/hormones; butcher shop Tu-Sa 11-6; 501 Gallatin Ave Nashville; flat-rate ship $125+",No Antibiotics; Marrow Bones,Nashville butcher shop + online,web,https://porterroad.com/,Bones ~$6/lb; marrow $15/lb; tallow 32oz; flat ship $125+
Homeplace Pastures,Como,MS,https://homeplacepastures.com/,https://homeplacepastures.com/,https://homeplacepastures.com/products/grass-fed-beef-marrow-bones-new,662-426-6191,info@homeplacepastures.com,veal_retailer,pasture_raised,Grass-fed marrow bones 3lb $14 (~$4.67/lb); center-cut with exposed marrow; free ship $250+ UPS Ground; $15 flat $150+; on-farm pickup available; 1630 Home Place Rd Como MS,Marrow Bones,Family farm; Como MS,web,https://homeplacepastures.com/,Marrow bones 3lb $14 ($4.67/lb); free ship $250+
Sweet Mercy Farms,Albuquerque,NM,https://www.sweetmercyfarms.com/,https://www.sweetmercyfarms.com/,https://www.sweetmercyfarms.com/grassfed-beef-cuts/beef-marrow-bones,,,veal_retailer,pasture_raised,Grass-fed marrow bones $9/lb; marrow-only (roasting) or marrow+knuckle (broth); 1-4.5lb packs; farm pickup M-F 8-5; local Albuquerque $5 delivery; metro $10; ground ship select SW states; 6991 Jensen Dr SW Albuquerque,Marrow Bones,Family farm; Albuquerque NM,web,https://www.sweetmercyfarms.com/,Marrow bones $9/lb; local delivery $5-$10
Silo Springs Ranch,Culloden,GA,https://www.silospringsranch.com/,https://www.silospringsranch.com/,https://www.silospringsranch.com/store/p/beef-marrow-bones,678-852-9880,,veal_retailer,pasture_raised,Grass-fed grass-finished marrow bones ~1.5lb $10 ($6.67/lb); USDA certified; air-aged 14 days; processed 15 mi from ranch; general store + farmers markets; on Hwy 341 Culloden GA,Marrow Bones,Family ranch; Culloden GA,web,https://www.silospringsranch.com/,Marrow bones ~1.5lb $10 ($6.67/lb)
The Family Bee's-ness,Franklinton,NC,https://www.thefamilybeesness.com/,https://www.thefamilybeesness.com/,https://www.thefamilybeesness.com/store/p/beef-stew-meat-kktjk-nklzl,919-986-2592,,veal_retailer,pasture_raised,"Pasture-raised Black Angus; marrow bones 1.85lb $7 ($9/lb); regenerative ag, organic hay; weekday pickup 9-5 by appt, Sa 9-12 open farm; 354 Garner Rd Franklinton NC",Organic; Marrow Bones,Regenerative farm; Franklinton NC,web,https://www.thefamilybeesness.com/,Marrow bones 1.85lb $7 ($9/lb)
Oregon Valley Farm,Jefferson,OR,https://oregonvalleyfarm.com/,https://oregonvalleyfarm.com/,https://store.oregonvalleyfarm.com/product/beef-marrow-bones-portioned/,888-822-3848,,veal_retailer,pasture_raised,Grass-fed grass-finished marrow bones 24oz $19.99 ($13.32/lb); 2 bones/pack; also grain-finished option; Pacific NW farms; pickup Albany OR; $50 off first order $149+ code JOINUS50,Marrow Bones,PNW farm partners; Jefferson OR,web,https://oregonvalleyfarm.com/,Marrow bones 24oz $19.99 ($13.32/lb); $50 off first $149+
Elkins Cattle Co,Lampasas,TX,https://elkinscattleco.com/,https://elkinscattleco.com/,https://elkinscattleco.com/products/marrow-bones,,info@elkinscattleco.com,veal_retailer,pasture_raised,USDA Prime+ grass-fed Angus; marrow bones 4pk canoe-cut $16; dry-aged 15+ days; no hormones/steroids/mRNA; ships Mon 1-2 day UPS; Sunday noon CT cutoff; currently only available in beef boxes; Lampasas TX,No Hormones; Marrow Bones,Family ranch; Lampasas TX,web,https://elkinscattleco.com/,Marrow bones 4pk $16 (in beef boxes); dry-aged 15+ days
Casey Redtail Ranch,King City,CA,https://caseyredtailranch.com/,https://caseyredtailranch.com/,https://caseyredtailranch.com/products/grassfed-beef-marrow-bones-10-pounds,,rich@caseyredtailranch.com,veal_retailer,pasture_raised,Grassfed beef marrow bones 10lb vacuum-packed; 100% pasture-raised; no antibiotics/hormones; free ship CA; nationwide available; local pickup King City CA; processing 1 day-3 months seasonal,No Antibiotics; Marrow Bones,Family ranch; King City CA,web,https://caseyredtailranch.com/,Marrow bones 10lb pack; free ship CA; nationwide
Eel River Organic Beef,Hydesville,CA,https://eelriverorganicbeef.com/,https://eelriverorganicbeef.com/,https://eelriverorganicbeef.com/product/organic-grass-fed-beef-mixed-soup-broth-bones/,,,veal_retailer,pasture_raised,Certified organic grass-fed grass-finished; mixed soup/broth bones $18.99; marrow bones 3lb $15.11; knuckle+marrow mix; ships frozen dry ice nationwide; free ship ground $199+; wholesale via Tony's Fine Foods CA; M-F 9-4,Organic; Marrow Bones,Organic ranch; Humboldt County CA,web,https://eelriverorganicbeef.com/,Soup bones $18.99; marrow 3lb $15.11; free ship $199+
The Fat Lady,,WI,https://thefatladytallow.com/,https://thefatladytallow.com/,https://thefatladytallow.com/products/bulk-size-premium-grass-fed-beef-tallow-fat,,,veal_retailer,pasture_raised,"Premium grass-fed tallow from Wisconsin family farms; artisanal dry-rendered double-filtered; 60oz $59.99, 1gal $106.66; 3.5gal drums available; subscribe 5% off; free US ship $45+; USDA inspected; Etsy 4.9 stars 12.4k sales",Veal cuts; bones; online retail,WI family farm sourced; artisanal,web,https://thefatladytallow.com/,Tallow 60oz $59.99; 1gal $106.66; free ship $45+
EPIC Provisions,Austin,TX,https://epicprovisions.com/,https://epicprovisions.com/,https://epicprovisions.com/collections/animal-fats,,,veal_retailer,pasture_raised,"100% grass-fed beef tallow 11oz jar $13.89; Keto/Whole30 approved; gluten-free; also at Sprouts ($14.99), Lucky ($17.49), other retail; free ship $50+ direct; 10% subscription discount; major national brand",Veal cuts; bones; online retail,National brand; Austin TX,web,https://epicprovisions.com/,Tallow 11oz $13.89 direct; $14.99-$17.49 retail; free ship $50+
Essential Depot,,FL,https://www.essentialdepot.com/,https://www.essentialdepot.com/,https://www.essentialdepot.com/product/TALLOW-50LB-BOX.html,863-224-9555,,veal_wholesale,pasture_raised,"CHEAP BULK TALLOW: grass-fed beef tallow 50lb $164.74 ($3.29/lb, 50% off); food grade; free US shipping; not hydrogenated; non-GMO, USP compliant; no lactose/gluten/BSE; Greener Life Club additional 20% off; M-F 1-5pm; text Melanie for partner program",Wholesale veal; food service; bulk,Bulk supplier; FL,web,https://www.essentialdepot.com/,Tallow 50lb $164.74 ($3.29/lb); FREE US SHIP; 20% more off w/ club
Sulu Organics,,IL,https://www.suluorganics.com/,https://www.suluorganics.com/,https://www.suluorganics.com/products/wholesale-of-50-lbs-high-non-gmo-beef-tallow-food-grade,630-855-2190,support@thesulu.com,veal_wholesale,pasture_raised,"Grass-fed beef tallow; 4lb $34.99 ($8.75/lb), 7lb avail, 50lb $230 ($4.60/lb); USDA food-grade; pasture-raised US cows; no hormones/vaccines/antibiotics; non-GMO; 9mo shelf; free ship US $35+; 25% off $500+",No Hormones,Bulk supplier; IL,web,https://www.suluorganics.com/,Tallow 4lb $34.99; 50lb $230 ($4.60/lb); free ship $35+
Stryker Farm,,PA,https://www.strykerfarm.com/,https://www.strykerfarm.com/,https://www.strykerfarm.com/store/p106/GrassFedBeefSuet.html,484-750-4588,info@strykerfarm.com,veal_retailer,pasture_raised,"CHEAP SUET: grass-fed beef suet 20lb $84.99 ($4.25/lb), 40lb $119.99 ($3/lb); USDA inspected; free ship Eastern USA; Pocono Mountains PA; currently backordered; also tallow rendering",Veal cuts; bones; online retail,Family farm; Pocono Mountains PA,web,https://www.strykerfarm.com/,Suet 20lb $84.99 ($4.25/lb); 40lb $119.99 ($3/lb); free ship East
Rural Reverie,,,https://ruralreverie.com/,https://ruralreverie.com/,https://ruralreverie.com/products/beef-bones-2-75-lb,,,veal_retailer,pasture_raised,CHEAP BONES: grass-fed beef broth bones $3/lb; pasture-raised; no antibiotics/hormones; 5lb packs (often sold out); also whole/half beef orders,No Antibiotics,Family farm,web,https://ruralreverie.com/,Bones $3/lb (5lb packs); whole/half beef avail
JH Grass Fed,,AZ,https://jhgrassfed.com/,https://jhgrassfed.com/,https://jhgrassfed.com/product/beef-marrow-and-knuckle-bones-grass-fed-grass-finished/,,,veal_retailer,pasture_raised,Grass-fed grass-finished marrow+knuckle bones $4.50/lb (~5lb avg); soup/neck bones $6.54/lb; locally processed dry-aged; AZ Dept of Ag inspected; 45mi N of Cave Creek AZ; valley pickup or delivery; email for exact weight + pricing,Veal cuts; bones; online retail,Family ranch; north of Cave Creek AZ,web,https://jhgrassfed.com/,Marrow bones $4.50/lb; neck bones $6.54/lb
Pettit Pastures,Milaca,MN,https://www.pettitpastures.com/,https://www.pettitpastures.com/,https://www.pettitpastures.com/product/grass-fed-marrowbones/,320-293-3560,pettitpastures@gmail.com,veal_retailer,pasture_raised,Minnesota's finest grass-fed beef; marrow bones + knuckles; 9341 125th Ave Milaca MN; online shop + local; contact for pricing,Marrow Bones,Family farm; Milaca MN,web,https://www.pettitpastures.com/,Marrow bones; contact for pricing
Together Farms,Mondovi,WI,https://togetherfarms.com/,https://togetherfarms.com/,https://togetherfarms.com/store/grass-fed-beef/bones,715-210-4740,steph@togetherfarms.com,veal_retailer,pasture_raised,100% grass-fed grass-finished bones; Animal Welfare Approved butcher; organs+bones 10lb bundle $64 (was $100); flat $9 ship or free; farm pickup Mondovi WI; local delivery Buffalo/Chippewa/Eau Claire counties; overnight select states,Veal cuts; bones; online retail,Family farm; Mondovi WI,web,https://togetherfarms.com/,Organs+bones 10lb $64; flat $9 ship; free options
S Ranch Meats,,,https://sranchmeats.com/,https://sranchmeats.com/,https://sranchmeats.com/products/premium-ranch-raised-beef-suet-un-rendered-tallow-bulk-box,,,veal_retailer,pasture_raised,Ranch-raised beef suet bulk box; 25x 1lb packs $187.50 ($7.50/lb); ground for easy rendering; yields ~18-22lb tallow; free ship $175+,Veal cuts; bones; online retail,Ranch direct,web,https://sranchmeats.com/,Suet 25lb $187.50 ($7.50/lb); free ship $175+
Bolster Farm,Stratford,NY,https://bolsterfarm.grazecart.com/,https://bolsterfarm.grazecart.com/,https://bolsterfarm.grazecart.com/store/product/pork-bones,,,veal_retailer,pasture_raised,"ULTRA CHEAP BONES: grass-fed beef bones $1/lb (sale, reg $2-3/lb); ~4lb avg pkg; broth/soup/dog bones; no hormones; Stratford NY; online order via GrazeCart",No Hormones,Family farm; Stratford NY,web,https://bolsterfarm.grazecart.com/,Bones $1/lb (sale); reg $2-3/lb; ~4lb pkgs
Shady Grove Ranch,Jefferson,TX,https://shadygroveranch.grazecart.com/,https://shadygroveranch.net/,https://shadygroveranch.grazecart.com/store/beef/bones-broth,903-665-7076,,veal_retailer,pasture_raised,"CHEAP BONES: grass-fed soup bones $3.25/3-5lb pkg; meaty soup bones $6.50/2-3lb; custom harvest bones $1/lb bulk; farm store Th 2-5, Fr 10-3, Sa 10-1; pickup Longview/Marshall/Tyler/Shreveport; 559 Shady Grove Rd Jefferson TX",Veal cuts; bones; online retail,Family ranch; Jefferson TX,web,https://shadygroveranch.net/,Soup bones $3.25/pkg; meaty $6.50/pkg; bulk harvest $1/lb
Grove Ladder Farm,,FL,https://groveladderfarmllc.grazecart.com/,https://groveladderfarmllc.grazecart.com/,https://groveladderfarmllc.grazecart.com/store/broth-bones/bones,,,veal_retailer,pasture_raised,"100% grass-fed grass-finished Florida Cracker beef; bones single $7/lb, 2-pack $5.50/lb, 3-pack $4/lb; neck bones $7/lb; split marrow $9/lb; ships within FL; local pickup; regenerative",Veal cuts; bones; online retail,Family farm; FL,web,https://groveladderfarmllc.grazecart.com/,"Bones $7/lb single, $5.50 2-pk, $4/lb 3-pk; neck $7; marrow $9"
Circle J Meat,Houston,TX,https://circlejmeat.com/,https://circlejmeat.com/,https://circlejmeat.com/products/grass-fed-beef-bones,979-399-7362,,veal_retailer,pasture_raised,CHEAP BONES $3/lb: 100% grass-fed grass-finished beef bones 5lb bag $15 ($3/lb); various lengths; some w/ meat attached; no grain/antibiotics/GMO/hormones; meethouse 1521 Antoine Dr Houston TX; GrazeCart orders; pickup locations in TX,Veal cuts; bones; online retail,Family farm; Houston TX,web,https://circlejmeat.com/,Bones 5lb bag $15 ($3/lb)
Livengood Family Farm,Lancaster,PA,https://livengoodfamilyfarm.com/,https://livengoodfamilyfarm.com/,https://livengoodfamilyfarm.com/store/product/beef-bag-of-bones,717-327-6817,,veal_retailer,pasture_raised,VERY CHEAP BONES: 100% grass-fed grass-finished; bag of bones 10lb $2.45/lb; marrow bones $6.50/lb; born+raised on farm; 1648 Morningside Dr Lancaster PA 17602; farm pickup + Clark Park Farmers Market,Marrow Bones,Family farm; Lancaster PA,web,https://livengoodfamilyfarm.com/,Bag of bones 10lb avg $2.45/lb; marrow $6.50/lb
Chandler Pond Farm,Wheelock,VT,https://www.chandlerpondfarm.com/,https://www.chandlerpondfarm.com/,https://www.chandlerpondfarm.com/shop/beef-suet-for-tallow,,,veal_retailer,pasture_raised,CHEAPEST SUET: grass-fed grain-free suet from $4/pkg (under 1lb up to 4lb sizes); perfect for rendering tallow; USDA inspected; dry-aged 14+ days; 528 Burroughs Rd Wheelock VT 05851; farmstand open daily 8am-8pm; online + pickup,Veal cuts; bones; online retail,Family farm; Wheelock VT,web,https://www.chandlerpondfarm.com/,Suet from $4/pkg (various sizes); farmstand pickup
Rangeland Revival,Wilton,IA,https://rangelandrevival.com/,https://rangelandrevival.com/,https://rangelandrevival.com/store/beef/bones,563-299-7934,Jr@rangelandrevival.com,veal_retailer,pasture_raised,"100% grass-fed pasture-raised; soup bones $6/lb (sale, reg $8.95/lb); oxtail $9.49/lb; no antibiotics; 1930 Rose Ave Wilton IA 52778; online + delivery + pickup",No Antibiotics,Family ranch; Wilton IA,web,https://rangelandrevival.com/,Soup bones $6/lb (sale); oxtail $9.49/lb
Meat and Cheese Head,,,https://meatandcheesehead.com/,https://meatandcheesehead.com/,https://meatandcheesehead.com/products/beef-tallow-50-lbs-bulk-food-grade-100-beef-tallow,,,veal_wholesale,pasture_raised,CHEAPEST TALLOW FOUND: 50lb bulk beef tallow $135 ($2.70/lb!!!); 100% pure; food grade; cooking/baking/skincare; free US shipping,Wholesale veal; food service; bulk,Bulk supplier,web,https://meatandcheesehead.com/,Tallow 50lb $135 ($2.70/lb); FREE US SHIP
Thousand Hills Lifetime Grazed,Becker,MN,https://thousandhillslifetimegrazed.com/,https://thousandhillslifetimegrazed.com/,https://thousandhillslifetimegrazed.com/product/bulk-beef-tallow/,877-854-8422,info@thousandhillsgrassfed.com,veal_wholesale,pasture_raised,CHEAP TALLOW + SUET: 100% grass-fed AGA certified; bulk tallow case (4x 8lb) from $49.99; suet case (4x 0.75lb) $14.99-$17.49; regenerative; 12925 Prosperity Ave Becker MN; free ship $249+,Wholesale veal; food service; bulk,Major grass-fed brand; Becker MN,web,https://thousandhillslifetimegrazed.com/,Tallow case 32lb from $49.99 (~$1.56/lb); suet case $14.99; free ship $249+
Graze Cattle Company,Eaton,CO,https://grazecattlecompany.com/,https://grazecattlecompany.com/,https://grazecattlecompany.com/products/beef-soup-bones-1lb,,,veal_retailer,pasture_raised,CHEAP BONES: grass-fed grass-finished Black Angus soup bones $2.99/lb (sale from $3.99); 2 bones/pkg w/ marrow+collagen; no hormones/antibiotics; free local delivery 25mi on $100+; Eaton CO; often sold out,No Hormones,Family ranch; Eaton CO,web,https://grazecattlecompany.com/,Soup bones $2.99/lb (sale); free local $100+
Grassway Organics,East Troy,WI,https://grasswayorganics.grazecart.com/,https://www.grasswayorganics.com/,https://grasswayorganics.next.grazecart.com/store/product/beef-soup-bones,920-894-4201,webstore@grasswayorganics.com,veal_retailer,pasture_raised,CHEAP BONES: 100% grass-fed beef stock bones $2.99/lb (sale from $4.19); ~3lb avg; W2716 Friemoth Rd East Troy WI 53120; farm store T-Sa 10-6; online + multiple WI pickup locations + home delivery,Veal cuts; bones; online retail,Family farm; East Troy WI,web,https://www.grasswayorganics.com/,Stock bones $2.99/lb (sale); farm store + delivery
Autumn's Harvest Farm,Romulus,NY,https://autumnsharvestfarmpasturedmeats.com/,https://autumnsharvestfarmpasturedmeats.com/,https://autumnsharvestfarmpasturedmeats.com/store/grass-fed-beef/bones,315-400-0802,info@autumnsharvestfarmpasturedmeats.com,veal_retailer,pasture_raised,AWA certified grass-fed; bones+organs; 5170 Kings Corners Rd Romulus NY 14541; free ship $149+; 5% subscribe+save; local delivery free $75+,Veal cuts; bones; online retail,Family farm; Romulus NY (Finger Lakes),web,https://autumnsharvestfarmpasturedmeats.com/,Bones avail; free ship $149+; 5% subscribe discount
American Veal Association (AVA),,,https://www.americanveal.com/,https://www.americanveal.com/,https://www.americanveal.com/,,,association,,"Founded 1984; member-driven; advocates for milk-fed veal quality, innovation, collaboration; Veal Quality Assurance (VQA) program; Five Domains of Animal Welfare standards; group housing, no tethering",Industry directory; standards; advocacy,Est. 1984,web,https://www.americanveal.com/,Contact for pricing
