name,city,state,phone,email,url,website,buy_link,type,notes,source,source_url,prices,products
Pozzi Ranch & Wool Company,Valley Ford,CA,707-486-0094,pozziwool@pozziwool.com,https://www.pozziwool.com/,https://www.pozziwool.com/,https://www.pozziwool.com/,wool_buyer,ASI wool buyer; California,ASI,https://www.sheepusa.org/contacts/wool-pelt,Contact for quote,Wool; raw fleece; wool brokerage
Roswell Wool Brokers,Bakersfield,CA,661-363-3260,,https://www.roswellwool.com/,https://www.roswellwool.com/,https://www.roswellwool.com/,wool_buyer,"ASI; CA, NM, SD offices",ASI,https://www.sheepusa.org/contacts/wool-pelt,Contact for quote,Wool; raw fleece; wool brokerage
Groenewold Fur & Wool Co,Foreston,IL,815-938-2381,,https://www.gfwco.com/,https://www.gfwco.com/,https://www.gfwco.com/,wool_buyer,,ASI,https://www.sheepusa.org/contacts/wool-pelt,Contact for quote,Wool; raw fleece; wool brokerage
"Bartlettyarns, Inc",Harmony,ME,207-483-2251,,https://www.bartlettyarns.com/,https://www.bartlettyarns.com/,https://www.bartlettyarns.com/,wool_buyer,"ASI; also mill; Maine, NH, VT, MA, CT, RI, MD, NY",ASI,https://www.sheepusa.org/contacts/wool-pelt,Contact for quote,Wool; raw fleece; wool brokerage
Ramblers Way Farm – Wool Supply,Kennebunk,ME,207-467-8118,,https://www.ramblersway.com/,https://www.ramblersway.com/,https://www.ramblersway.com/,wool_buyer,,ASI,https://www.sheepusa.org/contacts/wool-pelt,Contact for quote,Wool; raw fleece; wool brokerage
R.H. Lindsay Company,Boston,MA,617-571-4473,,https://www.rhlindsaywool.com/,https://www.rhlindsaywool.com/,https://www.rhlindsaywool.com/,wool_buyer,,ASI,https://www.sheepusa.org/contacts/wool-pelt,Contact for quote,Wool; raw fleece; wool brokerage
Michell International,Boston,MA,781-582-0254,,https://www.michell.com.au/,https://www.michell.com.au/,https://www.michell.com.au/,wool_buyer,ASI; global wool,ASI,https://www.sheepusa.org/contacts/wool-pelt,Contact for quote,Wool; raw fleece; wool brokerage
Center of the Nation Wool,Billings,MT,406-245-9112,,,,,wool_buyer,,ASI,https://www.sheepusa.org/contacts/wool-pelt,Contact for quote,Wool; raw fleece; wool brokerage
Tri-State Wool Marketing,Alzada,MT,406-828-4523,,https://tristatewool.wordpress.com/,https://tristatewool.wordpress.com/,https://tristatewool.wordpress.com/,wool_buyer,,ASI,https://www.sheepusa.org/contacts/wool-pelt,Contact for quote,Wool; raw fleece; wool brokerage
International Textile Group (Burlington),Greensboro,NC,336-379-2096,,,,,wool_buyer,ASI; Cone Denim parent,ASI,https://www.sheepusa.org/contacts/wool-pelt,Contact for quote,Wool; raw fleece; wool brokerage
Bowman Wool,Bowman,ND,406-581-7772,,,,,wool_buyer,,ASI,https://www.sheepusa.org/contacts/wool-pelt,Contact for quote,Wool; raw fleece; wool brokerage
Columbia Wool Scouring Mill (Pendleton),Portland,OR,503-289-3642,,https://www.pendleton-usa.com/,https://www.pendleton-usa.com/,https://www.pendleton-usa.com/,wool_buyer,ASI; Pendleton; scouring + mill,ASI,https://www.sheepusa.org/contacts/wool-pelt,Contact for quote,Wool; raw fleece; wool brokerage
Bollman Industries,Adamstown,PA,717-484-4361,,https://www.bollmanhats.com/,https://www.bollmanhats.com/,https://www.bollmanhats.com/,wool_buyer,ASI; hats,ASI,https://www.sheepusa.org/contacts/wool-pelt,Contact for quote,Wool; raw fleece; wool brokerage
"TradeWell International, Inc",North Kingstown,RI,401-667-0500,,,,,wool_buyer,,ASI,https://www.sheepusa.org/contacts/wool-pelt,Contact for quote,Wool; raw fleece; wool brokerage
Chargeurs Wool (USA) Inc,Jamestown,SC,843-257-4569,,https://chargeurswoolusa.com/,https://chargeurswoolusa.com/,https://chargeurswoolusa.com/,wool_buyer,ASI; global wool processor,ASI,https://www.sheepusa.org/contacts/wool-pelt,Contact for quote,Wool; raw fleece; wool brokerage
Textile Fibers International,Lake City,SC,843-394-7718,,,,,wool_buyer,,ASI,https://www.sheepusa.org/contacts/wool-pelt,Contact for quote,Wool; raw fleece; wool brokerage
Center of the Nation Wool,Belle Fourche,SD,605-892-6311,,,,,wool_buyer,,ASI,https://www.sheepusa.org/contacts/wool-pelt,Contact for quote,Wool; raw fleece; wool brokerage
"Anodyne, Inc",San Angelo,TX,325-653-3061,,https://www.anodynewool.com/,https://www.anodynewool.com/,https://www.anodynewool.com/,wool_buyer,,ASI,https://www.sheepusa.org/contacts/wool-pelt,Contact for quote,Wool; raw fleece; wool brokerage
Blackwell Enterprises,Goldthwaite,TX,325-648-3103,,,,,wool_buyer,,ASI,https://www.sheepusa.org/contacts/wool-pelt,Contact for quote,Wool; raw fleece; wool brokerage
Entrenos Inc,San Angelo,TX,325-651-2665,,,,,wool_buyer,,ASI,https://www.sheepusa.org/contacts/wool-pelt,Contact for quote,Wool; raw fleece; wool brokerage
Keese International LLC,Brady,TX,325-456-8662,,,,,wool_buyer,,ASI,https://www.sheepusa.org/contacts/wool-pelt,Contact for quote,Wool; raw fleece; wool brokerage
Wool Partners Inc,Sonora,TX,325-413-1200,,,,,wool_buyer,,ASI,https://www.sheepusa.org/contacts/wool-pelt,Contact for quote,Wool; raw fleece; wool brokerage
Utah Wool Marketing Association,Tooele,UT,435-843-4284,,https://utahwool.net/,https://utahwool.net/,https://utahwool.net/,wool_buyer,ASI; wool pool/marketing,ASI,https://www.sheepusa.org/contacts/wool-pelt,Contact for quote,Wool; raw fleece; wool brokerage
Cestari Sheep & Wool Co,Churchville,VA,540-337-7282,,https://www.cestarisheep.com/,https://www.cestarisheep.com/,https://www.cestarisheep.com/,wool_buyer,ASI; sheep + wool,ASI,https://www.sheepusa.org/contacts/wool-pelt,Contact for quote,Wool; raw fleece; wool brokerage
Great Plains Wool Company,Big Horn,WY,307-674-4504,,,,,wool_buyer,,ASI,https://www.sheepusa.org/contacts/wool-pelt,Contact for quote,Wool; raw fleece; wool brokerage
American Woolen Company,Stafford Springs,CT,,,https://americanwoolen.com/,https://americanwoolen.com/,https://americanwoolen.com/,wool_fabric,Fine worsted and woolen fabrics; rebuilding New England textile,web,https://americanwoolen.com/,Contact for quote,Wool fabric; worsted; woolen
Mill Wool Company,Uxbridge,MA,,,https://millwool.com/,https://millwool.com/,https://millwool.com/,wool_mill,100+ yr; worsted spinning; USA wools; B2B wholesaler,web,https://millwool.com/,Contact for quote,Wool yarn; roving; batting; scoured wool
Crescent Woolen Mills,Two Rivers,WI,,,https://www.crescentwoolenmills.com/,https://www.crescentwoolenmills.com/,https://www.crescentwoolenmills.com/,wool_mill,"Since 1923; wool, alpaca, blends; carding, spinning",web,https://www.crescentwoolenmills.com/,Contact for quote,Wool yarn; roving; batting; scoured wool
Kentwool Manufacturing,Pickens,SC,,,https://kentwoolyarn.com/,https://kentwoolyarn.com/,https://kentwoolyarn.com/,wool_mill,Since 1843; worsted Merino; Responsible Wool Standard; socks,web,https://kentwoolyarn.com/,Contact for quote,Wool yarn; roving; batting; scoured wool
Carolina Mills,Maiden,NC,,,https://www.carolinamills.com/,https://www.carolinamills.com/,https://www.carolinamills.com/,wool_mill,Since 1928; specialty spun yarns; wool + synthetic,web,https://www.carolinamills.com/,Contact for quote,Wool yarn; roving; batting; scoured wool
Pendleton Woolen Mills,Portland,OR,,,https://www.pendleton-usa.com/,https://www.pendleton-usa.com/,https://www.pendleton-usa.com/,wool_apparel,"Since 1863; Oregon + Washougal mills; blankets, apparel",web,https://www.pendleton-usa.com/,Contact for quote,Wool apparel; blankets; home goods
Columbia Wool Scouring Mill,Portland,OR,,,https://www.pendleton-usa.com/,https://www.pendleton-usa.com/,https://www.pendleton-usa.com/,wool_processor,Pendleton; wool scouring,ASI,https://www.sheepusa.org/contacts/wool-pelt,Contact for quote,Scouring; carding; spinning; dyeing; felting
American Sheep Industry Association (ASI),Englewood,CO,303-771-3500,,https://www.sheepusa.org/,https://www.sheepusa.org/,https://www.sheepusa.org/,association,"Wool & pelt contacts; shearers, buyers, mills, warehouses",ASI,https://www.sheepusa.org/contacts/wool-pelt,Contact for quote,Industry directory; referrals
American Wool,,,,,https://www.americanwool.org/,https://www.americanwool.org/,https://www.americanwool.org/,association,Finished products featuring American wool,ASI,https://www.americanwool.org/,Contact for quote,Industry directory; referrals
National Mill Inventory,,,,,https://nationalmillinventory.com/,https://nationalmillinventory.com/,https://nationalmillinventory.com/,association,"Fibershed; fiber mills by location, fiber type, services",web,https://nationalmillinventory.com/,Contact for quote,Industry directory; referrals
Wool and Fiber Arts,,,,,https://woolandfiberarts.com/pages/us-mill-directory,https://woolandfiberarts.com/pages/us-mill-directory,https://woolandfiberarts.com/pages/us-mill-directory,association,US Mill Directory by state,web,https://woolandfiberarts.com/pages/us-mill-directory,Contact for quote,Industry directory; referrals
"For finished products featuring American wool, please visit www.AmericanWool.org",,,,,http://www.AmericanWool.org,http://www.AmericanWool.org,http://www.AmericanWool.org,wool_mill,ASI: Small & midsize mills,ASI,https://www.sheepusa.org/contacts/wool-pelt,Contact for quote,Small & midsize mills
Morro Fleece Works,Main StreetMORRO BAY,CA,805-772-9665,,http://www.morrofleeceworks.com,http://www.morrofleeceworks.com,http://www.morrofleeceworks.com,wool_mill,ASI: Small & midsize mills,ASI,https://www.sheepusa.org/contacts/wool-pelt,Contact for quote,Scouring; Carding; Yarn; Roving; Batting; Felting; Dyeing
Valley Oak Wool Mill,,CA,530-312-0494,,http://www.valleyoakwoolmill.com,http://www.valleyoakwoolmill.com,http://www.valleyoakwoolmill.com,wool_mill,ASI: Small & midsize mills,ASI,https://www.sheepusa.org/contacts/wool-pelt,Contact for quote,Scouring; Carding; Spinning; Yarn; Roving; Batting
The Fleece Factory of the Rockies,LaSalle,CO,970-284-7711,,http://www.thefleecefactoryoftherockies.com,http://www.thefleecefactoryoftherockies.com,http://www.thefleecefactoryoftherockies.com,wool_mill,ASI: Small & midsize mills,ASI,https://www.sheepusa.org/contacts/wool-pelt,Contact for quote,Scouring; Carding; Spinning; Yarn; Roving; Batting; Felting; Combing
Willow Creek Fiber Mill,Hudson,CO,970-586-3478,,http://www.willowcreekfibermill.co,http://www.willowcreekfibermill.co,http://www.willowcreekfibermill.co,wool_mill,ASI: Small & midsize mills,ASI,https://www.sheepusa.org/contacts/wool-pelt,Contact for quote,Scouring; Carding; Spinning; Yarn; Roving; Batting
Six Paca Farm & Mill,Stockhouse Rd.Bozrah,CT,860-204-0386,,http://www.sixpaca.com,http://www.sixpaca.com,http://www.sixpaca.com,wool_mill,ASI: Small & midsize mills,ASI,https://www.sheepusa.org/contacts/wool-pelt,Contact for quote,Scouring; Carding; Spinning; Roving
Twist of Fate Spinnery,Yount StreetEast Hampton,CT,860-759-9334,,http://www.twistoffatefiber.com,http://www.twistoffatefiber.com,http://www.twistoffatefiber.com,wool_mill,ASI: Small & midsize mills,ASI,https://www.sheepusa.org/contacts/wool-pelt,Contact for quote,Scouring; Carding; Spinning; Yarn; Roving; Batting; Felting
Spirit Fiber Works,TURNER RDCleveland,GA,706-809-8729,,http://www.spiritfiberworks.com,http://www.spiritfiberworks.com,http://www.spiritfiberworks.com,wool_mill,ASI: Small & midsize mills,ASI,https://www.sheepusa.org/contacts/wool-pelt,Contact for quote,Scouring; Carding; Roving; Batting; Dyeing
Ohana Fiber Mill,a,HI,808-464-9316,,http://www.ilwoolfibermill.com,http://www.ilwoolfibermill.com,http://www.ilwoolfibermill.com,wool_mill,ASI: Small & midsize mills,ASI,https://www.sheepusa.org/contacts/wool-pelt,Contact for quote,Scouring; Carding; Spinning; Yarn; Roving; Felting; Dyeing; Weaving
Illinois Wool & Fiber Mill,Caledonia Rd.Belvidere,IL,815-544-9582,,http://www.ilwoolfibermill.com,http://www.ilwoolfibermill.com,http://www.ilwoolfibermill.com,wool_mill,ASI: Small & midsize mills,ASI,https://www.sheepusa.org/contacts/wool-pelt,Contact for quote,Scouring; Carding; Spinning; Yarn; Roving; Batting; Dyeing
Red Hill Fiber Mill,N Red Hill RdTaswell,IN,812-788-2438,,http://www.redhillfiber.com,http://www.redhillfiber.com,http://www.redhillfiber.com,wool_mill,ASI: Small & midsize mills,ASI,https://www.sheepusa.org/contacts/wool-pelt,Contact for quote,Scouring; Carding; Yarn; Roving; Batting; Dyeing; Combing
Three Points Fiber Mill,E Hoff RdSunman,IN,812-363-3876,,https://threepointsfibermill.com,https://threepointsfibermill.com,https://threepointsfibermill.com,wool_mill,ASI: Small & midsize mills,ASI,https://www.sheepusa.org/contacts/wool-pelt,Contact for quote,Scouring; Carding; Spinning; Yarn; Roving; Batting; Felting; Dyeing
C&M Acres Fiber Mill,,IA,515-387-8607,,http://www.cmacres.com,http://www.cmacres.com,http://www.cmacres.com,wool_mill,ASI: Small & midsize mills,ASI,https://www.sheepusa.org/contacts/wool-pelt,Contact for quote,Scouring; Carding; Spinning; Yarn; Roving; Batting; Felting; Dyeing
Twisted Sunset Sisters Fiber Mill,,IA,515-207-2524,,http://www.twistedsunsetsisters.com/,http://www.twistedsunsetsisters.com/,http://www.twistedsunsetsisters.com/,wool_mill,ASI: Small & midsize mills,ASI,https://www.sheepusa.org/contacts/wool-pelt,Contact for quote,Scouring; Carding; Spinning; Dyeing; Weaving
Tallgrass Woolery,,KS,785-289-6636,,http://www.bartlettyarns.com,http://www.bartlettyarns.com,http://www.bartlettyarns.com,wool_mill,ASI: Small & midsize mills,ASI,https://www.sheepusa.org/contacts/wool-pelt,Contact for quote,Scouring; Carding; Roving; Batting
"Bartlettyarns, Inc",Water StreetHarmony,ME,207-683-2251,,http://www.bartlettyarns.com,http://www.bartlettyarns.com,http://www.bartlettyarns.com,wool_mill,ASI: Small & midsize mills,ASI,https://www.sheepusa.org/contacts/wool-pelt,Contact for quote,Scouring; Carding; Spinning; Yarn; Roving; Weaving
"Catawampus Farm, LLC",,ME,207-786-2158,,http://www.catawampusfarm.com,http://www.catawampusfarm.com,http://www.catawampusfarm.com,wool_mill,ASI: Small & midsize mills,ASI,https://www.sheepusa.org/contacts/wool-pelt,Contact for quote,Scouring; Carding; Yarn; Roving; Batting
Moorit Hill Farm & Fiber,Detroit RdTroy,ME,207-402-2549,,http://www.moorithillfarm.com,http://www.moorithillfarm.com,http://www.moorithillfarm.com,wool_mill,ASI: Small & midsize mills,ASI,https://www.sheepusa.org/contacts/wool-pelt,Contact for quote,Scouring; Carding; Spinning; Yarn
Underhill Fibers,Wilson RdGorham,ME,207-756-0076,,http://www.underhillfibers.com,http://www.underhillfibers.com,http://www.underhillfibers.com,wool_mill,ASI: Small & midsize mills,ASI,https://www.sheepusa.org/contacts/wool-pelt,Contact for quote,Scouring; Carding; Spinning; Yarn; Roving
Twisted Fiber Spinnery LLC,Gardner,MA,978-939-8949,,http://www.twistedfiberspinnery.com,http://www.twistedfiberspinnery.com,http://www.twistedfiberspinnery.com,wool_mill,ASI: Small & midsize mills,ASI,https://www.sheepusa.org/contacts/wool-pelt,Contact for quote,Scouring; Carding; Spinning; Yarn; Roving; Combing
Frankenmuth Woolen Mill,S. Main StreetFrankenmuth,MI,989-652-6050,,http://www.wool-bedding.com,http://www.wool-bedding.com,http://www.wool-bedding.com,wool_mill,ASI: Small & midsize mills,ASI,https://www.sheepusa.org/contacts/wool-pelt,Contact for quote,Scouring; Carding; Roving; Batting
Grand Alpaca Company Farm & Fiber Mill,W Winston RdMontague,MI,616-784-7765,,http://www.grandalpaca.com,http://www.grandalpaca.com,http://www.grandalpaca.com,wool_mill,ASI: Small & midsize mills,ASI,https://www.sheepusa.org/contacts/wool-pelt,Contact for quote,Scouring; Carding; Spinning; Felting
Hoof-to-Hanger,Lake StreetBridgman,MI,269-465-5936,,http://www.hooftohanger.com,http://www.hooftohanger.com,http://www.hooftohanger.com,wool_mill,ASI: Small & midsize mills,ASI,https://www.sheepusa.org/contacts/wool-pelt,Contact for quote,Scouring; Carding; Spinning; Yarn; Roving; Batting; Dyeing
Get Bentz Farm and Woolen Mill,Northfield BlvdNorthfield,MN,651-271-5142,,http://www.getbentzfarm.com,http://www.getbentzfarm.com,http://www.getbentzfarm.com,wool_mill,ASI: Small & midsize mills,ASI,https://www.sheepusa.org/contacts/wool-pelt,Contact for quote,Scouring; Carding; Spinning; Yarn; Roving; Batting; Felting
Ranch-Al-Paca Fiber Processing,Goodwin AveHastings,MN,651-485-7916,,http://www.rachalpacafiber.com,http://www.rachalpacafiber.com,http://www.rachalpacafiber.com,wool_mill,ASI: Small & midsize mills,ASI,https://www.sheepusa.org/contacts/wool-pelt,Contact for quote,Scouring; Carding; Spinning; Yarn; Roving; Weaving
"The Fiber Mill, LLC",rd StStromsburg,NE,402-405-1971,,http://www.thefibermill.com,http://www.thefibermill.com,http://www.thefibermill.com,wool_mill,ASI: Small & midsize mills,ASI,https://www.sheepusa.org/contacts/wool-pelt,Contact for quote,Scouring; Carding; Spinning; Yarn; Roving; Batting; Felting; Dyeing
"Bartlett Fiber Washing, LLC",Barrington,NH,207-683-2251,,http://www.bartlettyarns.com,http://www.bartlettyarns.com,http://www.bartlettyarns.com,wool_mill,ASI: Small & midsize mills,ASI,https://www.sheepusa.org/contacts/wool-pelt,Contact for quote,Scouring; Yarn
"Sallie’s Fen Fibers, LLC",Swain RoadBarrington,NH,603-664-5237,,http://www.krpelletco.com,http://www.krpelletco.com,http://www.krpelletco.com,wool_mill,ASI: Small & midsize mills,ASI,https://www.sheepusa.org/contacts/wool-pelt,Contact for quote,Scouring; Carding; Spinning
Battenkill Fibers Carding & Spinning Mill,Greenwich,NY,518-692-2700,,http://www.battenkillfibers.com,http://www.battenkillfibers.com,http://www.battenkillfibers.com,wool_mill,ASI: Small & midsize mills,ASI,https://www.sheepusa.org/contacts/wool-pelt,Contact for quote,Scouring; Carding; Spinning; Yarn; Roving; Dyeing
Clean Fleece NY (Hudson Valley Textile Project),Mechanicville,NY,518-400-2209,,http://www.cleanfleece.com,http://www.cleanfleece.com,http://www.cleanfleece.com,wool_mill,ASI: Small & midsize mills,ASI,https://www.sheepusa.org/contacts/wool-pelt,Contact for quote,Scouring
Yarn Factory,Unit FColfax,ND,701-491-9297,,http://www.yarnfactoryllc.com,http://www.yarnfactoryllc.com,http://www.yarnfactoryllc.com,wool_mill,ASI: Small & midsize mills,ASI,https://www.sheepusa.org/contacts/wool-pelt,Contact for quote,Scouring; Carding; Spinning; Yarn; Roving; Batting; Dyeing
Ohio Valley Farm and Fiber Mill,Peebles,OH,937-446-3045,,http://www.ovffm.com,http://www.ovffm.com,http://www.ovffm.com,wool_mill,ASI: Small & midsize mills,ASI,https://www.sheepusa.org/contacts/wool-pelt,Contact for quote,Scouring; Carding; Yarn; Roving; Felting; Dyeing; Weaving
Oklahoma Mini Mill,suite FGuthrie,OK,405-260-2705,,http://www.oklahomaminimill.com,http://www.oklahomaminimill.com,http://www.oklahomaminimill.com,wool_mill,ASI: Small & midsize mills,ASI,https://www.sheepusa.org/contacts/wool-pelt,Contact for quote,Scouring; Carding; Yarn; Roving; Felting
Rodger Family Farm & Fiber Mill LLC,OLD SANTIAM HWYLebanon,OR,541-609-0526,,http://www.rodgerfamilyfarm.com,http://www.rodgerfamilyfarm.com,http://www.rodgerfamilyfarm.com,wool_mill,ASI: Small & midsize mills,ASI,https://www.sheepusa.org/contacts/wool-pelt,Contact for quote,Scouring; Carding; Yarn; Roving
Blue Mountain Farms,Lesentier LnHarrisburg,PA,717-599-7665,,http://www.bluemountainfarms.net,http://www.bluemountainfarms.net,http://www.bluemountainfarms.net,wool_mill,ASI: Small & midsize mills,ASI,https://www.sheepusa.org/contacts/wool-pelt,Contact for quote,Scouring; Carding; Spinning; Yarn; Roving; Batting; Felting; Dyeing
One Another Fiber Mill,Laura FitzmorrisTobyhanna,PA,570-972-3033,,http://www.sterlingwoolmill.com,http://www.sterlingwoolmill.com,http://www.sterlingwoolmill.com,wool_mill,ASI: Small & midsize mills,ASI,https://www.sheepusa.org/contacts/wool-pelt,Contact for quote,Scouring; Carding
Sterling Wool Mill,Byerland Church RoadWillow Street,PA,717-371-4195,,http://www.sterlingwoolmill.com,http://www.sterlingwoolmill.com,http://www.sterlingwoolmill.com,wool_mill,ASI: Small & midsize mills,ASI,https://www.sheepusa.org/contacts/wool-pelt,Contact for quote,Scouring; Carding; Spinning; Yarn; Roving; Batting; Felting; Dyeing
"J&E Homestead, LLC",Flat Creek RoadHeath Springs,SC,803-627-7850,,http://www.je-homestead.com,http://www.je-homestead.com,http://www.je-homestead.com,wool_mill,ASI: Small & midsize mills,ASI,https://www.sheepusa.org/contacts/wool-pelt,Contact for quote,Scouring; Carding; Spinning; Yarn; Roving; Felting
Foster Creek Fiber Mill,AveDoland,SD,605-460-2405,,http://www.fostercreekfibermill.com,http://www.fostercreekfibermill.com,http://www.fostercreekfibermill.com,wool_mill,ASI: Small & midsize mills,ASI,https://www.sheepusa.org/contacts/wool-pelt,Contact for quote,Scouring; Carding; Spinning; Roving; Batting; Felting
Maker’s Way Fiber Mill,E Sunset CircleBrandon,SD,605-215-8017,,http://www.makerswayfibermill.com,http://www.makerswayfibermill.com,http://www.makerswayfibermill.com,wool_mill,ASI: Small & midsize mills,ASI,https://www.sheepusa.org/contacts/wool-pelt,Contact for quote,Scouring; Carding; Spinning; Yarn; Roving; Felting; Dyeing
Mesa Trail Alpacas,A SJacks Creek,TN,262-720-4314,,http://Www.mesatrailalpacas.com,http://Www.mesatrailalpacas.com,http://Www.mesatrailalpacas.com,wool_mill,ASI: Small & midsize mills,ASI,https://www.sheepusa.org/contacts/wool-pelt,Contact for quote,Scouring; Carding; Spinning; Felting
Marlin Farms Fiber Mill,,TX,210-422-0619,,http://www.marlinfarmsfiber.com,http://www.marlinfarmsfiber.com,http://www.marlinfarmsfiber.com,wool_mill,ASI: Small & midsize mills,ASI,https://www.sheepusa.org/contacts/wool-pelt,Contact for quote,Scouring; Carding; Roving
Winterstrom Ranch,,TX,209-628-5426,,http://www.winterstromranch.com,http://www.winterstromranch.com,http://www.winterstromranch.com,wool_mill,ASI: Small & midsize mills,ASI,https://www.sheepusa.org/contacts/wool-pelt,Contact for quote,Scouring; Carding; Spinning; Yarn; Roving; Batting; Felting; Dyeing
Wild Red Clover Ranch & Fiber MIll,NorthKoosharem,UT,435-287-4446,,http://www.wildredclover.com/,http://www.wildredclover.com/,http://www.wildredclover.com/,wool_mill,ASI: Small & midsize mills,ASI,https://www.sheepusa.org/contacts/wool-pelt,Contact for quote,Scouring; Carding; Spinning; Yarn; Roving; Batting; Felting
Green Mountain Spinnery,Brickyard LanePutney,VT,800-321-9665,,http://www.spinnery.com,http://www.spinnery.com,http://www.spinnery.com,wool_mill,ASI: Small & midsize mills,ASI,https://www.sheepusa.org/contacts/wool-pelt,Contact for quote,Scouring; Carding; Spinning; Yarn; Roving
Kingdom Fleece and Fiberworks,,VT,802-274-5666,,http://www.kingdomfleeceandfiberworks.net,http://www.kingdomfleeceandfiberworks.net,http://www.kingdomfleeceandfiberworks.net,wool_mill,ASI: Small & midsize mills,ASI,https://www.sheepusa.org/contacts/wool-pelt,Contact for quote,Scouring; Carding; Spinning; Yarn; Roving; Batting; Dyeing; Weaving
Central Virginia Fiber Mill,,VA,434-985-3669,,http://www.Centralvirginiafibermill.com,http://www.Centralvirginiafibermill.com,http://www.Centralvirginiafibermill.com,wool_mill,ASI: Small & midsize mills,ASI,https://www.sheepusa.org/contacts/wool-pelt,Contact for quote,Scouring; Carding; Spinning; Roving; Batting; Felting; Dyeing
"Shenandoah Fiber Co., LLC",Old Chapel RoadFairfield,VA,703-608-1177,,http://www.shenandoahfiber.com,http://www.shenandoahfiber.com,http://www.shenandoahfiber.com,wool_mill,ASI: Small & midsize mills,ASI,https://www.sheepusa.org/contacts/wool-pelt,Contact for quote,Scouring; Carding; Spinning; Yarn; Felting
Abundant Earth Fiber,Central Ave.Clinton,WA,360-969-2187,,http://www.AbundantEarthFiber.com,http://www.AbundantEarthFiber.com,http://www.AbundantEarthFiber.com,wool_mill,ASI: Small & midsize mills,ASI,https://www.sheepusa.org/contacts/wool-pelt,Contact for quote,Scouring; Carding; Spinning; Yarn; Roving
Dawns Custom Carding,Morris Rd SEYelm,WA,253-208-2474,,http://www.dawns-custom-carding.com,http://www.dawns-custom-carding.com,http://www.dawns-custom-carding.com,wool_mill,ASI: Small & midsize mills,ASI,https://www.sheepusa.org/contacts/wool-pelt,Contact for quote,Scouring; Carding; Yarn; Roving; Batting; Felting; Dyeing
Evergreen Fleece Processing,TH AVE SEWOODINVILLE,WA,425-248-8967,,http://www.evergreenfleeceprocessing.com,http://www.evergreenfleeceprocessing.com,http://www.evergreenfleeceprocessing.com,wool_mill,ASI: Small & midsize mills,ASI,https://www.sheepusa.org/contacts/wool-pelt,Contact for quote,Scouring; Carding; Roving; Batting; Felting; Dyeing
"Skagit Woolen Works, LLC",Suite bMount Vernon,WA,360-200-8835,,http://www.skagitwoolen.com,http://www.skagitwoolen.com,http://www.skagitwoolen.com,wool_mill,ASI: Small & midsize mills,ASI,https://www.sheepusa.org/contacts/wool-pelt,Contact for quote,Scouring; Carding; Yarn; Roving; Batting; Felting; Dyeing
Olympic Yarn & Fiber,st StreetCosmopolis,WA,360-591-4396,,http://www.olympicyarnandfiber.com,http://www.olympicyarnandfiber.com,http://www.olympicyarnandfiber.com,wool_mill,ASI: Small & midsize mills,ASI,https://www.sheepusa.org/contacts/wool-pelt,Contact for quote,Scouring; Carding; Spinning; Yarn; Dyeing
Soundview Fiber Mill,W Railroad AveShelton,WA,425-214-2425,,http://www.soundviewfibermill.com,http://www.soundviewfibermill.com,http://www.soundviewfibermill.com,wool_mill,ASI: Small & midsize mills,ASI,https://www.sheepusa.org/contacts/wool-pelt,Contact for quote,Scouring; Carding; Spinning; Yarn
Head Spring Fiber Mill,Leetown RdSummit Point,WV,703-999-3363,,http://www.headspringfibermill.com,http://www.headspringfibermill.com,http://www.headspringfibermill.com,wool_mill,ASI: Small & midsize mills,ASI,https://www.sheepusa.org/contacts/wool-pelt,Contact for quote,Scouring; Carding; Spinning; Yarn; Roving; Batting; Dyeing
"Blackberry Ridge Woolen Mill, LLC",Forshaug RoadMount Horeb,WI,608-437-3762,,http://www.blackberry-ridge.com,http://www.blackberry-ridge.com,http://www.blackberry-ridge.com,wool_mill,ASI: Small & midsize mills,ASI,https://www.sheepusa.org/contacts/wool-pelt,Contact for quote,Scouring; Carding; Spinning; Yarn; Roving; Dyeing
Ewetopia Fiber Mill,West Main StLa Farge,WI,608-625-2060,,http://www.ewetopiafibershop.com/fiber-mill,http://www.ewetopiafibershop.com/fiber-mill,http://www.ewetopiafibershop.com/fiber-mill,wool_mill,ASI: Small & midsize mills,ASI,https://www.sheepusa.org/contacts/wool-pelt,Contact for quote,Scouring; Carding; Spinning; Yarn; Roving; Batting; Dyeing
Mountain Meadow Wool,Plains Dr.Buffalo,WY,307-684-5775,,http://www.morrofleeceworks.com,http://www.morrofleeceworks.com,http://www.morrofleeceworks.com,wool_mill,ASI: Small & midsize mills,ASI,https://www.sheepusa.org/contacts/wool-pelt,Contact for quote,Scouring; Carding; Spinning; Yarn; Roving; Dyeing; Combing
Yampa Valley Fiberworks,Craig,CO,970-824-9568,,http://www.yampavalleyfiberworks.com,http://www.yampavalleyfiberworks.com,http://www.yampavalleyfiberworks.com,wool_mill,ASI: Small & midsize mills,ASI,https://www.sheepusa.org/contacts/wool-pelt,Contact for quote,Carding; Spinning; Yarn; Roving
R&K’s Mill,TH AVEHedrick,IA,319-560-8924,,http://www.twistedsunsetsisters.com/,http://www.twistedsunsetsisters.com/,http://www.twistedsunsetsisters.com/,wool_mill,ASI: Small & midsize mills,ASI,https://www.sheepusa.org/contacts/wool-pelt,Contact for quote,Carding; Spinning; Felting
Haven Fibers,,UT,(406) 381-3450,,http://www.wildredclover.com/,http://www.wildredclover.com/,http://www.wildredclover.com/,wool_mill,ASI: Small & midsize mills,ASI,https://www.sheepusa.org/contacts/wool-pelt,Contact for quote,Carding; Spinning; Felting; Weaving; Combing
The Shepherd’s Studio,Third StPhillipsburg,KS,785-543-3128,,http://www.TheShepherdsStudio.com,http://www.TheShepherdsStudio.com,http://www.TheShepherdsStudio.com,wool_mill,ASI: Small & midsize mills,ASI,https://www.sheepusa.org/contacts/wool-pelt,Contact for quote,Weaving
Bedfellows Blankets,Martin RdShelburne Falls,MA,413-625-2730,,http://www.blanketweave.com,http://www.blanketweave.com,http://www.blanketweave.com,wool_mill,ASI: Small & midsize mills,ASI,https://www.sheepusa.org/contacts/wool-pelt,Contact for quote,Weaving
"New Liberty Wool Pellets, LLC",Robert AndrewsMack,CO,(970) 260-2130,,http://www.Newlibertywoolpellets.com,http://www.Newlibertywoolpellets.com,http://www.Newlibertywoolpellets.com,wool_mill,ASI: Small & midsize mills,ASI,https://www.sheepusa.org/contacts/wool-pelt,Contact for quote,Yarn; Roving
Kestrel Ridge Pellet Company,Megan Landes-MurphyLawrence,NE,(715) 931-8469,,http://www.krpelletco.com,http://www.krpelletco.com,http://www.krpelletco.com,wool_mill,ASI: Small & midsize mills,ASI,https://www.sheepusa.org/contacts/wool-pelt,Contact for quote,Small & midsize mills
Otter Lake Farm & Fiber,Kate PelkeyWeedsport,NY,(315) 480-1940,,http://www.bluemountainfarms.net,http://www.bluemountainfarms.net,http://www.bluemountainfarms.net,wool_mill,ASI: Small & midsize mills,ASI,https://www.sheepusa.org/contacts/wool-pelt,Contact for quote,Yarn
Wild Valley Farms,,UT,435-400-4373,,http://www.Wildvalleyfarms.com,http://www.Wildvalleyfarms.com,http://www.Wildvalleyfarms.com,wool_mill,ASI: Small & midsize mills,ASI,https://www.sheepusa.org/contacts/wool-pelt,Contact for quote,Small & midsize mills
"Woollets, LLC",Horner LaneArgyle,WI,608-223-3603,,http://www.Woollets.net,http://www.Woollets.net,http://www.Woollets.net,wool_mill,ASI: Small & midsize mills,ASI,https://www.sheepusa.org/contacts/wool-pelt,Contact for quote,Small & midsize mills
Coyote Trail Farm & Fiber Mill,,AK,,,https://www.coyotetrailfarmandfibermill.com/,https://www.coyotetrailfarmandfibermill.com/,https://www.coyotetrailfarmandfibermill.com/,wool_mill,Wool and Fiber Arts: AK,Wool and Fiber Arts,https://woolandfiberarts.com/pages/us-mill-directory,Contact for quote,Fiber processing
"Mendocino Wool and Fiber, Inc.",,CA,,,https://www.mendowool.com/,https://www.mendowool.com/,https://www.mendowool.com/,wool_mill,Wool and Fiber Arts: CA,Wool and Fiber Arts,https://woolandfiberarts.com/pages/us-mill-directory,Contact for quote,Wool; Yarn; Roving
Macedo's Mini Acre,,CA,,,http://www.macedosminiacres.com/,http://www.macedosminiacres.com/,http://www.macedosminiacres.com/,wool_mill,Wool and Fiber Arts: CA,Wool and Fiber Arts,https://woolandfiberarts.com/pages/us-mill-directory,Contact for quote,Yarn
Morro Fleeceworks,,CA,,,http://www.morrofleeceworks.com/,http://www.morrofleeceworks.com/,http://www.morrofleeceworks.com/,wool_mill,Wool and Fiber Arts: CA,Wool and Fiber Arts,https://woolandfiberarts.com/pages/us-mill-directory,Contact for quote,Fiber processing
Fleece Factory of the Rockies,,CO,,,http://www.thefleecefactoryoftherockies.com/,http://www.thefleecefactoryoftherockies.com/,http://www.thefleecefactoryoftherockies.com/,wool_mill,Wool and Fiber Arts: CO,Wool and Fiber Arts,https://woolandfiberarts.com/pages/us-mill-directory,Contact for quote,Fiber processing
Willow Creek Fiber Mill,,CO,,,http://www.willowcreekfibermill.co/,http://www.willowcreekfibermill.co/,http://www.willowcreekfibermill.co/,wool_mill,Wool and Fiber Arts: CO,Wool and Fiber Arts,https://woolandfiberarts.com/pages/us-mill-directory,Contact for quote,Fiber processing
yampa valley fiber mill,,CO,,,https://www.yampavalleyfiberworks.com/,https://www.yampavalleyfiberworks.com/,https://www.yampavalleyfiberworks.com/,wool_mill,Wool and Fiber Arts: CO,Wool and Fiber Arts,https://woolandfiberarts.com/pages/us-mill-directory,Contact for quote,Wool; Yarn; Roving
Six Paca Farm And Mill,,CT,,,http://www.sixpaca.com/,http://www.sixpaca.com/,http://www.sixpaca.com/,wool_mill,Wool and Fiber Arts: CT,Wool and Fiber Arts,https://woolandfiberarts.com/pages/us-mill-directory,Contact for quote,Fiber processing
Twist of Fate Spinnery,,CT,,,http://www.twistoffatespinnery.biz/,http://www.twistoffatespinnery.biz/,http://www.twistoffatespinnery.biz/,wool_mill,Wool and Fiber Arts: CT,Wool and Fiber Arts,https://woolandfiberarts.com/pages/us-mill-directory,Contact for quote,Spinning; Felting
Spirit Fiber Works,,GA,,,https://www.spiritfiberworks.com/,https://www.spiritfiberworks.com/,https://www.spiritfiberworks.com/,wool_mill,Wool and Fiber Arts: GA,Wool and Fiber Arts,https://woolandfiberarts.com/pages/us-mill-directory,Contact for quote,Wool; Yarn; Roving
I Make Yarn,,ID,,,http://www.imakeyarn.com/,http://www.imakeyarn.com/,http://www.imakeyarn.com/,wool_mill,Wool and Fiber Arts: ID,Wool and Fiber Arts,https://woolandfiberarts.com/pages/us-mill-directory,Contact for quote,Wool; Yarn; Roving
Alpaca Pines Llc Farm and Fiber,,IL,,,http://www.alpacapines.com/,http://www.alpacapines.com/,http://www.alpacapines.com/,wool_mill,Wool and Fiber Arts: IL,Wool and Fiber Arts,https://woolandfiberarts.com/pages/us-mill-directory,Contact for quote,Wool; Yarn; Roving
Illinois Wool & Fiber Mill,,IL,,,https://ilwoolfibermill.com/,https://ilwoolfibermill.com/,https://ilwoolfibermill.com/,wool_mill,Wool and Fiber Arts: IL,Wool and Fiber Arts,https://woolandfiberarts.com/pages/us-mill-directory,Contact for quote,Wool; Yarn; Roving
Round Barn Fiber Mill,,IL,,,https://www.roundbarnfiber.com/,https://www.roundbarnfiber.com/,https://www.roundbarnfiber.com/,wool_mill,Wool and Fiber Arts: IL,Wool and Fiber Arts,https://woolandfiberarts.com/pages/us-mill-directory,Contact for quote,Yarn; Roving
Red Hill Fiber Mill,,IN,,,http://www.redhillfiber.com/,http://www.redhillfiber.com/,http://www.redhillfiber.com/,wool_mill,Wool and Fiber Arts: IN,Wool and Fiber Arts,https://woolandfiberarts.com/pages/us-mill-directory,Contact for quote,Fiber processing
Three Points Fiber Mill,,IN,,,https://threepointsfibermill.com/,https://threepointsfibermill.com/,https://threepointsfibermill.com/,wool_mill,Wool and Fiber Arts: IN,Wool and Fiber Arts,https://woolandfiberarts.com/pages/us-mill-directory,Contact for quote,Fiber processing
C&M Acres Fiber Mill & Alpacas,,IA,,,http://www.cmacres.com/,http://www.cmacres.com/,http://www.cmacres.com/,wool_mill,Wool and Fiber Arts: IA,Wool and Fiber Arts,https://woolandfiberarts.com/pages/us-mill-directory,Contact for quote,Wool; Yarn
R & K Fiber Mill,,IA,,,https://rksalpacafarm.myopenherdwebsite.com/product/30999/randks-alpaca-boutique-and-fiber-mill,https://rksalpacafarm.myopenherdwebsite.com/product/30999/randks-alpaca-boutique-and-fiber-mill,https://rksalpacafarm.myopenherdwebsite.com/product/30999/randks-alpaca-boutique-and-fiber-mill,wool_mill,Wool and Fiber Arts: IA,Wool and Fiber Arts,https://woolandfiberarts.com/pages/us-mill-directory,Contact for quote,Fiber processing
"HLA Fiber Mill, LLC",,KS,,,http://hlafibermill.com/,http://hlafibermill.com/,http://hlafibermill.com/,wool_mill,Wool and Fiber Arts: KS,Wool and Fiber Arts,https://woolandfiberarts.com/pages/us-mill-directory,Contact for quote,Wool; Yarn; Roving
Edwards Woolworks Fiber Mill,,KY,,,https://www.edwardswoolworks.com/,https://www.edwardswoolworks.com/,https://www.edwardswoolworks.com/,wool_mill,Wool and Fiber Arts: KY,Wool and Fiber Arts,https://woolandfiberarts.com/pages/us-mill-directory,Contact for quote,Wool; Yarn; Roving
Bartlett Yarns,,ME,,,https://bartlettyarns.com/,https://bartlettyarns.com/,https://bartlettyarns.com/,wool_mill,Wool and Fiber Arts: ME,Wool and Fiber Arts,https://woolandfiberarts.com/pages/us-mill-directory,Contact for quote,Wool; Yarn; Roving
Moorit Hill Farm and Fiber,,ME,,,http://www.moorithillfarm.com/,http://www.moorithillfarm.com/,http://www.moorithillfarm.com/,wool_mill,Wool and Fiber Arts: ME,Wool and Fiber Arts,https://woolandfiberarts.com/pages/us-mill-directory,Contact for quote,Fiber processing
Underhill Fibers -Jenny Smith,,ME,,,http://www.underhillfibers.com/,http://www.underhillfibers.com/,http://www.underhillfibers.com/,wool_mill,Wool and Fiber Arts: ME,Wool and Fiber Arts,https://woolandfiberarts.com/pages/us-mill-directory,Contact for quote,Wool; Yarn; Roving
Twisted Fiber Spinnery,,MA,,,http://www.twistedfiberspinnery.com/,http://www.twistedfiberspinnery.com/,http://www.twistedfiberspinnery.com/,wool_mill,Wool and Fiber Arts: MA,Wool and Fiber Arts,https://woolandfiberarts.com/pages/us-mill-directory,Contact for quote,Fiber processing
Alpaca Fleece Mill,,MI,,,https://alpacafleecemill.com/home,https://alpacafleecemill.com/home,https://alpacafleecemill.com/home,wool_mill,Wool and Fiber Arts: MI,Wool and Fiber Arts,https://woolandfiberarts.com/pages/us-mill-directory,Contact for quote,Fiber processing
Grand Alpaca Company Farm & Fiber Mill,,MI,,,http://www.grandalpaca.com/,http://www.grandalpaca.com/,http://www.grandalpaca.com/,wool_mill,Wool and Fiber Arts: MI,Wool and Fiber Arts,https://woolandfiberarts.com/pages/us-mill-directory,Contact for quote,Fiber processing
Hoof to Hanger,,MI,,,https://www.hooftohanger.com/,https://www.hooftohanger.com/,https://www.hooftohanger.com/,wool_mill,Wool and Fiber Arts: MI,Wool and Fiber Arts,https://woolandfiberarts.com/pages/us-mill-directory,Contact for quote,Fiber processing
Stonehenge Fiber Mill,,MI,,,https://www.stonehedgefibermill.com/processing-services/carding/,https://www.stonehedgefibermill.com/processing-services/carding/,https://www.stonehedgefibermill.com/processing-services/carding/,wool_mill,Wool and Fiber Arts: MI,Wool and Fiber Arts,https://woolandfiberarts.com/pages/us-mill-directory,Contact for quote,Wool; Roving
"Windy Acres Fiber Mill, LLC",,MI,,,http://www.windyacresfibermill.com/,http://www.windyacresfibermill.com/,http://www.windyacresfibermill.com/,wool_mill,Wool and Fiber Arts: MI,Wool and Fiber Arts,https://woolandfiberarts.com/pages/us-mill-directory,Contact for quote,Wool; Yarn; Roving
Zeilinger Wool Company,,MI,,,http://www.zwool.com/,http://www.zwool.com/,http://www.zwool.com/,wool_mill,Wool and Fiber Arts: MI,Wool and Fiber Arts,https://woolandfiberarts.com/pages/us-mill-directory,Contact for quote,Wool; Yarn; Roving
Beautiful World Mn,,MN,,,http://www.beautifulworldmn.com/,http://www.beautifulworldmn.com/,http://www.beautifulworldmn.com/,wool_mill,Wool and Fiber Arts: MN,Wool and Fiber Arts,https://woolandfiberarts.com/pages/us-mill-directory,Contact for quote,Wool; Roving
Get Bentz Farm,,MN,,,https://getbentzfarm.com/home,https://getbentzfarm.com/home,https://getbentzfarm.com/home,wool_mill,Wool and Fiber Arts: MN,Wool and Fiber Arts,https://woolandfiberarts.com/pages/us-mill-directory,Contact for quote,Yarn; Roving
Grumpelstilskin's Fiber Mill,,MN,,,https://grumpelstiltskinsfibermill.com/,https://grumpelstiltskinsfibermill.com/,https://grumpelstiltskinsfibermill.com/,wool_mill,Wool and Fiber Arts: MN,Wool and Fiber Arts,https://woolandfiberarts.com/pages/us-mill-directory,Contact for quote,Yarn; Roving
Ranch Al-paca Fiber Processing,,MN,,,http://www.rachalpacafiber.com/,http://www.rachalpacafiber.com/,http://www.rachalpacafiber.com/,wool_mill,Wool and Fiber Arts: MN,Wool and Fiber Arts,https://woolandfiberarts.com/pages/us-mill-directory,Contact for quote,Fiber processing
The Fiber Mill,,NE,,,http://www.thefibermill.com/,http://www.thefibermill.com/,http://www.thefibermill.com/,wool_mill,Wool and Fiber Arts: NE,Wool and Fiber Arts,https://woolandfiberarts.com/pages/us-mill-directory,Contact for quote,Wool; Yarn; Roving
Sallie's Fen FIber Mill,,NH,,,http://www.sfalpacas.com/,http://www.sfalpacas.com/,http://www.sfalpacas.com/,wool_mill,Wool and Fiber Arts: NH,Wool and Fiber Arts,https://woolandfiberarts.com/pages/us-mill-directory,Contact for quote,Wool; Yarn; Roving
Autumn Mist Alpaca Mill,,NY,,,http://autumnmistalpacafarm.com/,http://autumnmistalpacafarm.com/,http://autumnmistalpacafarm.com/,wool_mill,Wool and Fiber Arts: NY,Wool and Fiber Arts,https://woolandfiberarts.com/pages/us-mill-directory,Contact for quote,Yarn; Roving
Battenkill Fiber Mill,,NY,,,https://battenkillfibers.com/,https://battenkillfibers.com/,https://battenkillfibers.com/,wool_mill,Wool and Fiber Arts: NY,Wool and Fiber Arts,https://woolandfiberarts.com/pages/us-mill-directory,Contact for quote,Fiber processing
Nobletown Fiber Works,,NY,,,https://nobletownfiberworks.com/,https://nobletownfiberworks.com/,https://nobletownfiberworks.com/,wool_mill,Wool and Fiber Arts: NY,Wool and Fiber Arts,https://woolandfiberarts.com/pages/us-mill-directory,Contact for quote,Yarn; Roving
Shepherd’s Gate Fiber Mill,,NC,,,http://shepherdsgatefibermill.com/,http://shepherdsgatefibermill.com/,http://shepherdsgatefibermill.com/,wool_mill,Wool and Fiber Arts: NC,Wool and Fiber Arts,https://woolandfiberarts.com/pages/us-mill-directory,Contact for quote,Wool; Yarn; Roving
Dakota Fiber Mill,,ND,,,https://www.nomeschoolhouse.com/,https://www.nomeschoolhouse.com/,https://www.nomeschoolhouse.com/,wool_mill,Wool and Fiber Arts: ND,Wool and Fiber Arts,https://woolandfiberarts.com/pages/us-mill-directory,Contact for quote,Wool; Yarn; Roving
Yarn Factory LLC,,ND,,,http://yarnfactoryllc.com/,http://yarnfactoryllc.com/,http://yarnfactoryllc.com/,wool_mill,Wool and Fiber Arts: ND,Wool and Fiber Arts,https://woolandfiberarts.com/pages/us-mill-directory,Contact for quote,Wool; Yarn; Roving
America's Natural Fiberworks,,OH,,,https://www.americasnaturalfiberworks.com/,https://www.americasnaturalfiberworks.com/,https://www.americasnaturalfiberworks.com/,wool_mill,Wool and Fiber Arts: OH,Wool and Fiber Arts,https://woolandfiberarts.com/pages/us-mill-directory,Contact for quote,Fiber processing
Prospect Specialty Fiber Mill LLC,,OH,,,http://www.prospectspecialtyfibermill.com/,http://www.prospectspecialtyfibermill.com/,http://www.prospectspecialtyfibermill.com/,wool_mill,Wool and Fiber Arts: OH,Wool and Fiber Arts,https://woolandfiberarts.com/pages/us-mill-directory,Contact for quote,Wool; Yarn; Roving
Oklahoma Mini Mill,,OK,,,http://www.oklahomaminimill.com/,http://www.oklahomaminimill.com/,http://www.oklahomaminimill.com/,wool_mill,Wool and Fiber Arts: OK,Wool and Fiber Arts,https://woolandfiberarts.com/pages/us-mill-directory,Contact for quote,Wool; Roving
Roger Family Farm & Fiber Mill,,OR,,,http://www.rodgerfamilyfarm.com/,http://www.rodgerfamilyfarm.com/,http://www.rodgerfamilyfarm.com/,wool_mill,Wool and Fiber Arts: OR,Wool and Fiber Arts,https://woolandfiberarts.com/pages/us-mill-directory,Contact for quote,Fiber processing
Blue Mountain Farms,,PA,,,http://bluemountainfarms.net/,http://bluemountainfarms.net/,http://bluemountainfarms.net/,wool_mill,Wool and Fiber Arts: PA,Wool and Fiber Arts,https://woolandfiberarts.com/pages/us-mill-directory,Contact for quote,Wool; Yarn; Roving
Gurdy Run Woolen Mill,,PA,,,https://www.gurdyrun.com/,https://www.gurdyrun.com/,https://www.gurdyrun.com/,wool_mill,Wool and Fiber Arts: PA,Wool and Fiber Arts,https://woolandfiberarts.com/pages/us-mill-directory,Contact for quote,Wool; Yarn; Roving
Lazy Meadows Alpacas Mill & Shop,,PA,,,https://www.lazymeadowsalpacas.com/,https://www.lazymeadowsalpacas.com/,https://www.lazymeadowsalpacas.com/,wool_mill,Wool and Fiber Arts: PA,Wool and Fiber Arts,https://woolandfiberarts.com/pages/us-mill-directory,Contact for quote,Wool; Yarn; Roving
Sterling Wool Mill,,PA,,,http://www.sterlingwoolmill.com/,http://www.sterlingwoolmill.com/,http://www.sterlingwoolmill.com/,wool_mill,Wool and Fiber Arts: PA,Wool and Fiber Arts,https://woolandfiberarts.com/pages/us-mill-directory,Contact for quote,Wool; Yarn; Roving
"J&E Homestead, LLC",,SC,,,http://www.je-homestead.com/,http://www.je-homestead.com/,http://www.je-homestead.com/,wool_mill,Wool and Fiber Arts: SC,Wool and Fiber Arts,https://woolandfiberarts.com/pages/us-mill-directory,Contact for quote,Wool; Yarn; Roving
Makers Way Fiber Mill,,SD,,,http://www.makerswayfibermill.com/,http://www.makerswayfibermill.com/,http://www.makerswayfibermill.com/,wool_mill,Wool and Fiber Arts: SD,Wool and Fiber Arts,https://woolandfiberarts.com/pages/us-mill-directory,Contact for quote,Fiber processing
Mesa Trail Alpacas,,TN,,,http://www.mesatrailalpacas.com/,http://www.mesatrailalpacas.com/,http://www.mesatrailalpacas.com/,wool_mill,Wool and Fiber Arts: TN,Wool and Fiber Arts,https://woolandfiberarts.com/pages/us-mill-directory,Contact for quote,Wool; Yarn; Roving
Independence Wool & Mohair,,TX,,,https://independencewool.com/,https://independencewool.com/,https://independencewool.com/,wool_mill,Wool and Fiber Arts: TX,Wool and Fiber Arts,https://woolandfiberarts.com/pages/us-mill-directory,Contact for quote,Wool; Yarn; Roving
Wandering Gypsy Fiber Mill,,TX,,,https://www.facebook.com/profile.php?id=100087370604304,https://www.facebook.com/profile.php?id=100087370604304,https://www.facebook.com/profile.php?id=100087370604304,wool_mill,Wool and Fiber Arts: TX,Wool and Fiber Arts,https://woolandfiberarts.com/pages/us-mill-directory,Contact for quote,Wool; Roving
Winterstrom Ranch Fiber Mill,,TX,,,http://www.winterstromranch.com/,http://www.winterstromranch.com/,http://www.winterstromranch.com/,wool_mill,Wool and Fiber Arts: TX,Wool and Fiber Arts,https://woolandfiberarts.com/pages/us-mill-directory,Contact for quote,Yarn; Roving
Junction Fiber Mill,,VT,,,https://thewoollythistle.com/collections/junction-fiber-mill,https://thewoollythistle.com/collections/junction-fiber-mill,https://thewoollythistle.com/collections/junction-fiber-mill,wool_mill,Wool and Fiber Arts: VT,Wool and Fiber Arts,https://woolandfiberarts.com/pages/us-mill-directory,Contact for quote,Wool; Yarn; Roving
Kingdom Fleece & Fiberworks,,VT,,,http://www.kingdomfleeceandfiberworks.net/,http://www.kingdomfleeceandfiberworks.net/,http://www.kingdomfleeceandfiberworks.net/,wool_mill,Wool and Fiber Arts: VT,Wool and Fiber Arts,https://woolandfiberarts.com/pages/us-mill-directory,Contact for quote,Fiber processing
Abundant Earth Fiber,,WA,,,https://abundantearthfiber.com/,https://abundantearthfiber.com/,https://abundantearthfiber.com/,wool_mill,Wool and Fiber Arts: WA,Wool and Fiber Arts,https://woolandfiberarts.com/pages/us-mill-directory,Contact for quote,Wool; Yarn; Roving
Dawns Custom Carding,,WA,,,http://www.dawns-custom-carding.com/,http://www.dawns-custom-carding.com/,http://www.dawns-custom-carding.com/,wool_mill,Wool and Fiber Arts: WA,Wool and Fiber Arts,https://woolandfiberarts.com/pages/us-mill-directory,Contact for quote,Fiber processing
Evergreen Fleece Processing,,WA,,,http://www.evergreenfleeceprocessing.com/,http://www.evergreenfleeceprocessing.com/,http://www.evergreenfleeceprocessing.com/,wool_mill,Wool and Fiber Arts: WA,Wool and Fiber Arts,https://woolandfiberarts.com/pages/us-mill-directory,Contact for quote,Fiber processing
ME2 Custom Fiber Processing FARM,,WA,,,http://me2farm.com/,http://me2farm.com/,http://me2farm.com/,wool_mill,Wool and Fiber Arts: WA,Wool and Fiber Arts,https://woolandfiberarts.com/pages/us-mill-directory,Contact for quote,Wool; Roving
Ohana Fiber Mill,,WA,,,http://ohanafibermill.com/,http://ohanafibermill.com/,http://ohanafibermill.com/,wool_mill,Wool and Fiber Arts: WA,Wool and Fiber Arts,https://woolandfiberarts.com/pages/us-mill-directory,Contact for quote,Wool; Yarn; Roving
Olympic Yarn and Fiber Mill,,WA,,,https://www.olympicyarnandfiber.com/,https://www.olympicyarnandfiber.com/,https://www.olympicyarnandfiber.com/,wool_mill,Wool and Fiber Arts: WA,Wool and Fiber Arts,https://woolandfiberarts.com/pages/us-mill-directory,Contact for quote,Wool; Yarn
Skagit Woolen Works,,WA,,,http://skagitwoolen.com/,http://skagitwoolen.com/,http://skagitwoolen.com/,wool_mill,Wool and Fiber Arts: WA,Wool and Fiber Arts,https://woolandfiberarts.com/pages/us-mill-directory,Contact for quote,Wool; Yarn; Roving
Soundview Fiber Mill,,WA,,,https://soundviewfibermill.com/,https://soundviewfibermill.com/,https://soundviewfibermill.com/,wool_mill,Wool and Fiber Arts: WA,Wool and Fiber Arts,https://woolandfiberarts.com/pages/us-mill-directory,Contact for quote,Wool; Yarn; Roving
Tahoma Vista Fiber Mill,,WA,,,https://www.tahomavistafibermill.com/,https://www.tahomavistafibermill.com/,https://www.tahomavistafibermill.com/,wool_mill,Wool and Fiber Arts: WA,Wool and Fiber Arts,https://woolandfiberarts.com/pages/us-mill-directory,Contact for quote,Wool; Yarn; Roving
Head Spring Fiber Mill,,WV,,,http://www.headspringfibermill.com/,http://www.headspringfibermill.com/,http://www.headspringfibermill.com/,wool_mill,Wool and Fiber Arts: WV,Wool and Fiber Arts,https://woolandfiberarts.com/pages/us-mill-directory,Contact for quote,Wool; Yarn; Roving
Blackberry Ridge Woolen Mill,,WI,,,http://www.blackberry-ridge.com/,http://www.blackberry-ridge.com/,http://www.blackberry-ridge.com/,wool_mill,Wool and Fiber Arts: WI,Wool and Fiber Arts,https://woolandfiberarts.com/pages/us-mill-directory,Contact for quote,Fiber processing
Courtney Woolen Mill,,WI,,,http://www.courtneywoolenmill.com/,http://www.courtneywoolenmill.com/,http://www.courtneywoolenmill.com/,wool_mill,Wool and Fiber Arts: WI,Wool and Fiber Arts,https://woolandfiberarts.com/pages/us-mill-directory,Contact for quote,Fiber processing
Ewetopia Fiber,,WI,,,https://www.ewetopiafibershop.com/fiber-mill,https://www.ewetopiafibershop.com/fiber-mill,https://www.ewetopiafibershop.com/fiber-mill,wool_mill,Wool and Fiber Arts: WI,Wool and Fiber Arts,https://woolandfiberarts.com/pages/us-mill-directory,Contact for quote,Wool; Yarn; Roving
Kurth Valley Fiber Mill,,WI,,,http://kurthvalleyfibermill.com/,http://kurthvalleyfibermill.com/,http://kurthvalleyfibermill.com/,wool_mill,Wool and Fiber Arts: WI,Wool and Fiber Arts,https://woolandfiberarts.com/pages/us-mill-directory,Contact for quote,Wool
Shear Wool Fiber Mill LLC,,WI,,,http://shearwool.com/,http://shearwool.com/,http://shearwool.com/,wool_mill,Wool and Fiber Arts: WI,Wool and Fiber Arts,https://woolandfiberarts.com/pages/us-mill-directory,Contact for quote,Wool; Roving
Hidden Valley Farm and Woolen Mill,,WI,,,https://hiddenvalleyfarmwoolenmill.com/,https://hiddenvalleyfarmwoolenmill.com/,https://hiddenvalleyfarmwoolenmill.com/,wool_mill,Wool and Fiber Arts: WI,Wool and Fiber Arts,https://woolandfiberarts.com/pages/us-mill-directory,Contact for quote,Wool; Roving
